ticker,underlying,expiration,dte,strike,type,delta,gamma,theta,vega,iv,open_interest,bid,ask,bid_size,ask_size,last_price,volume,break_even,underlying_price
O:AMZN251114C00235000,AMZN,2025-11-14,5,235.0,C,0.9039470439884895,0.0209770643791825,-0.16927227018460653,0.047421742857299144,,1870,10.45,10.85,43,31,10.76,1409,245.65,245.15
O:AMZN251114C00237500,AMZN,2025-11-14,5,237.5,C,0.8284507670079315,0.03020899414028991,-0.2488610675947258,0.07193845166116555,,646,8.35,8.8,62,29,8.75,2545,246.075,245.15
O:AMZN251114C00240000,AMZN,2025-11-14,5,240.0,C,0.7299233627446801,0.037205138032359676,-0.33190593918565636,0.09508006189449883,,4019,6.65,6.95,48,23,6.9,6701,246.8,245.15
O:AMZN251114C00242500,AMZN,2025-11-14,5,242.5,C,0.62718986476135,0.041851049260103995,-0.38546947170888374,0.10968247784112377,,1069,5.1,5.3,243,78,5.2,6289,247.7,245.15
O:AMZN251114C00245000,AMZN,2025-11-14,5,245.0,C,0.5191665952413993,0.04326609818949045,-0.41660831967936135,0.11066167287497597,,3077,3.85,3.9,13,23,3.85,16868,248.875,245.15
O:AMZN251114C00247500,AMZN,2025-11-14,5,247.5,C,0.41283315502733864,0.04237814026523468,-0.3941030040290388,0.11162773028049731,,4224,2.71,2.76,1,4,2.73,15260,250.235,245.15
O:AMZN251114C00250000,AMZN,2025-11-14,5,250.0,C,0.3130328503268127,0.038720762617769966,-0.3540712915446619,0.098527383324499,,13715,1.82,1.87,16,36,1.87,16976,251.845,245.15
O:AMZN251114C00252500,AMZN,2025-11-14,5,252.5,C,0.2298309819884076,0.03263788645350101,-0.3137081286052745,0.07595013658496477,,1976,1.21,1.28,23,42,1.23,5424,253.745,245.15
O:AMZN251114C00255000,AMZN,2025-11-14,5,255.0,C,0.16071439923479025,0.0259603679965749,-0.24948173116341424,0.07658081828410904,,6167,0.78,0.82,34,28,0.81,5567,255.8,245.15
O:AMZN251114C00257500,AMZN,2025-11-14,5,257.5,C,0.11390185163460392,0.01988311427955206,-0.201557546443247,0.05142778077654133,,2541,0.51,0.57,27,32,0.54,10480,258.04,245.15
O:AMZN251114C00260000,AMZN,2025-11-14,5,260.0,C,0.07685033071671363,0.01456271325738528,-0.1560255256239576,0.051783348711786734,,16079,0.33,0.36,29,93,0.36,5101,260.345,245.15
O:AMZN251114C00262500,AMZN,2025-11-14,5,262.5,C,0.054619201754297776,0.010748000668211034,-0.12132124149663291,0.030178641913005837,,1480,0.21,0.27,147,45,0.25,1069,262.74,245.15
O:AMZN251114C00265000,AMZN,2025-11-14,5,265.0,C,0.036526221520748144,0.0075780587225529345,-0.09103663771722033,0.030362924653029075,,3918,0.15,0.16,14,24,0.16,3140,265.155,245.15
O:AMZN251114C00267500,AMZN,2025-11-14,5,267.5,C,0.024389830961700287,0.005303118939283149,-0.0652613981023138,0.01528285079224214,,5438,0.09,0.11,222,102,0.11,560,267.6,245.15
O:AMZN251114C00270000,AMZN,2025-11-14,5,270.0,C,0.018103541835063897,0.0039301824646652975,-0.05286163367936316,0.01535799779900181,,4832,0.07,0.08,23,61,0.08,725,270.075,245.15
O:AMZN251114C00272500,AMZN,2025-11-14,5,272.5,C,0.013281467367332074,0.0029065589854674265,-0.04317697805843963,0.015425427039552369,,883,0.05,0.06,26,46,0.06,41,272.555,245.15
O:AMZN251114C00275000,AMZN,2025-11-14,5,275.0,C,0.010651016388800732,0.002292957661183166,-0.036454531105183145,0.00664322938685625,,3307,0.04,0.05,6,170,0.04,487,275.045,245.15
O:AMZN251114C00277500,AMZN,2025-11-14,5,277.5,C,0.008186457377007184,0.0017503536437847307,-0.029623912810093186,0.006675264181166523,,1313,0.03,0.04,2,108,0.03,68,277.535,245.15
O:AMZN251114C00280000,AMZN,2025-11-14,5,280.0,C,0.005870186527868685,0.0012684732238363154,-0.02279326816548122,0.00670669828274148,,7060,0.02,0.03,9,58,0.02,296,280.025,245.15
O:AMZN251114C00282500,AMZN,2025-11-14,5,282.5,C,0.004644243810778828,0.000995956771318856,-0.019546788436774196,0.006732575285621905,,279,0.01,0.03,215,174,0.02,20,282.52,245.15
O:AMZN251114C00285000,AMZN,2025-11-14,5,285.0,C,0.0034910563393080692,0.0007528492087400894,-0.015167709092758526,0.0024609637706967946,,2850,0.01,0.02,1,14,0.01,65,285.015,245.15
O:AMZN251114C00287500,AMZN,2025-11-14,5,287.5,C,0.003333229935829312,0.000686164675355676,-0.015250676954575665,0.0024691609016530857,,425,0.01,0.02,478,130,0.01,730,287.515,245.15
O:AMZN251114C00290000,AMZN,2025-11-14,5,290.0,C,0.003191125487392987,0.0006287607131051225,-0.015333609965953302,0.00247750011801646,,1056,0,0.02,0,709,0.01,1177,290.01,245.15
O:AMZN251114C00292500,AMZN,2025-11-14,5,292.5,C,0.003899064081910314,0.0007010701923199731,-0.02001449929356927,0.00248227925009542,,75,0,0.02,0,71,0.01,504,292.51,245.15
O:AMZN251114C00295000,AMZN,2025-11-14,5,295.0,C,0.002945532229423237,0.0005354442635378135,-0.015499364715022664,0.002494515678224353,,748,0,0.01,0,12,0.01,21,295.005,245.15
O:AMZN251114C00297500,AMZN,2025-11-14,5,297.5,C,0.0028386967675236028,0.0004971806292745161,-0.015582183417665995,0.0025031551142041556,,1071,0,0.01,0,9,0.01,51,297.505,245.15
O:AMZN251114C00300000,AMZN,2025-11-14,5,300.0,C,0.003498032962919798,0.000563698890604587,-0.020262851624583564,0.0025088706722117904,,931,0,0.01,0,53,0.01,98,300.005,245.15
O:AMZN251114C00305000,AMZN,2025-11-14,5,305.0,C,0.002567353152779716,0.00040634668155139467,-0.015830388654072675,0.0025294442475854912,,1385,0,0.01,0,13,0.01,402,305.005,245.15
O:AMZN251114C00310000,AMZN,2025-11-14,5,310.0,C,0.00241868024013993,0.00036044034227792406,-0.015995637840746812,0.0025471814863057374,,516,0,0.01,0,13,0.01,1,310.005,245.15
O:AMZN251114C00315000,AMZN,2025-11-14,5,315.0,C,0.0022897941365973853,0.00032285592670354093,-0.016160700304782605,0.002565015108991899,,781,0,0.01,0,13,0.01,1,315.005,245.15
O:AMZN251114C00320000,AMZN,2025-11-14,5,320.0,C,0.0021769998074456062,0.00029164929022299684,-0.01632556846435077,0.0025829055578337062,,1804,0,0.01,0,532,0.01,1,320.005,245.15
O:AMZN251114C00325000,AMZN,2025-11-14,5,325.0,C,0.0020774690871765648,0.0002654182522525862,-0.016490235439951574,0.0026008161563904446,,561,0,0.01,0,532,0.02,1,325.005,245.15
O:AMZN251114C00330000,AMZN,2025-11-14,5,330.0,C,0.0019890003622868835,0.00024312995946552572,-0.016654694975155215,0.0026187264280042727,,922,0,0.01,0,616,0.01,8,330.005,245.15
O:AMZN251114C00335000,AMZN,2025-11-14,5,335.0,C,0.0019098540523101914,0.00022400936092373171,-0.016818941361934386,0.002636612153385202,,206,0,0.01,0,532,0.01,206,335.005,245.15
O:AMZN251114P00125000,AMZN,2025-11-14,5,125.0,P,-0.0017970588264276158,9.406541613908231e-05,-0.03602727953058701,0.0015700842860703942,,5,0,0.01,0,532,0.03,30,124.995,245.15
O:AMZN251114P00130000,AMZN,2025-11-14,5,130.0,P,-0.0016685253187209077,9.420611579969596e-05,-0.03128462517486724,0.0016020707720701367,,91,0,0.01,0,532,0.01,1,129.995,245.15
O:AMZN251114P00135000,AMZN,2025-11-14,5,135.0,P,-0.0012507466533701235,7.915442148933324e-05,-0.021944396866557917,0.0016332435706108912,,167,0,0.01,0,528,0.01,1,134.995,245.15
O:AMZN251114P00140000,AMZN,2025-11-14,5,140.0,P,-0.0010376983563186585,7.242077330047728e-05,-0.01719495480811871,0.0016635250443255997,,261,0,0.01,0,531,0.06,307,139.995,245.15
O:AMZN251114P00145000,AMZN,2025-11-14,5,145.0,P,-0.0011012725349740281,8.127146395252852e-05,-0.017038432573277997,0.0016931054438680119,,158,0,0.01,0,532,0.01,1,144.995,245.15
O:AMZN251114P00150000,AMZN,2025-11-14,5,150.0,P,-0.0011707034441308364,9.15134815625488e-05,-0.016880583738911225,0.0017220294754565402,,4276,0,0.01,0,532,0.01,1,149.995,245.15
O:AMZN251114P00155000,AMZN,2025-11-14,5,155.0,P,-0.00694980882080079,0.00039914187291540195,-0.09789711498327186,0.004819944317183458,,1107,0,0.01,0,532,0.01,20,154.995,245.15
O:AMZN251114P00160000,AMZN,2025-11-14,5,160.0,P,-0.0013310731876911511,0.00011746604426326259,-0.01656147076412976,0.0017779588569901328,,276,0,0.01,0,62,0.01,13,159.995,245.15
O:AMZN251114P00165000,AMZN,2025-11-14,5,165.0,P,-0.0014245487527431509,0.00013406983611047565,-0.01640045259286042,0.0018049773872233594,,343,0,0.01,0,28,0.01,15,164.995,245.15
O:AMZN251114P00170000,AMZN,2025-11-14,5,170.0,P,-0.001529094732506531,0.000153927282132483,-0.016238603387321658,0.0018313627294092574,,193,0,0.01,0,4,0.01,26,169.995,245.15
O:AMZN251114P00175000,AMZN,2025-11-14,5,175.0,P,-0.0016469110688546542,0.00017793331533441192,-0.016076017561876092,0.0018571070980297655,,696,0,0.02,0,30,0.01,51,174.99,245.15
O:AMZN251114P00180000,AMZN,2025-11-14,5,180.0,P,-0.001780814575526103,0.00020731078998437394,-0.015912780542031237,0.0018821893383042412,,2247,0.01,0.02,1,41,0.01,48,179.985,245.15
O:AMZN251114P00185000,AMZN,2025-11-14,5,185.0,P,-0.0019344717076617702,0.00024376533898144706,-0.015748969838541255,0.0019065829333849604,,3915,0.01,0.02,12,35,0.03,54,184.985,245.15
O:AMZN251114P00190000,AMZN,2025-11-14,5,190.0,P,-0.0032368804020004452,0.0004069222243807807,-0.0247798135369404,0.0019334582072942806,,3446,0.02,0.03,30,94,0.03,570,189.975,245.15
O:AMZN251114P00195000,AMZN,2025-11-14,5,195.0,P,-0.003545938664116283,0.00048665818514328287,-0.02456207402635451,0.005381636956814298,,3762,0.02,0.03,1,19,0.04,149,194.975,245.15
O:AMZN251114P00200000,AMZN,2025-11-14,5,200.0,P,-0.005154480987280836,0.0007295217032844745,-0.031058056784390657,0.005446662251676213,,3146,0.03,0.04,7,30,0.04,565,199.965,245.15
O:AMZN251114P00202500,AMZN,2025-11-14,5,202.5,P,-0.006066522689159706,0.0008808075201123181,-0.03430573848526399,0.00547876918731734,,415,0.03,0.05,11,58,0.04,445,202.46,245.15
O:AMZN251114P00205000,AMZN,2025-11-14,5,205.0,P,-0.007061965352111711,0.0010569868917078178,-0.03755323373916643,0.005510632246531134,,1973,0.04,0.05,13,35,0.05,942,204.955,245.15
O:AMZN251114P00207500,AMZN,2025-11-14,5,207.5,P,-0.008151279603814692,0.0012628771320957084,-0.04080055367624601,0.005542266663396819,,615,0.04,0.06,14,35,0.05,96,207.45,245.15
O:AMZN251114P00210000,AMZN,2025-11-14,5,210.0,P,-0.010005224986028462,0.0015790503696555267,-0.04763191045729935,0.005576539794857775,,2268,0.05,0.07,33,41,0.06,280,209.94,245.15
O:AMZN251114P00212500,AMZN,2025-11-14,5,212.5,P,-0.011341080331659406,0.001867041707654277,-0.050295191825750256,0.013082494919210397,,647,0,0.07,0,44,0.07,184,212.465,245.15
O:AMZN251114P00215000,AMZN,2025-11-14,5,215.0,P,-0.012854063298973747,0.0022188571003728466,-0.05183609571774629,0.013147039286482158,,3634,0.05,0.09,29,25,0.09,901,214.93,245.15
O:AMZN251114P00217500,AMZN,2025-11-14,5,217.5,P,-0.025929055189248765,0.003884066929904769,-0.0995339197083473,0.013263783831814074,,598,0.11,0.21,1,14,0.12,1836,217.34,245.15
O:AMZN251114P00220000,AMZN,2025-11-14,5,220.0,P,-0.025372005368477276,0.004242619116960529,-0.0874988494098445,0.013316488100256119,,1986,0.13,0.15,213,86,0.13,977,219.86,245.15
O:AMZN251114P00222500,AMZN,2025-11-14,5,222.5,P,-0.037471640631110685,0.00595446205638083,-0.11703286292137283,0.026810320312012203,,2785,0.18,0.25,1,9,0.19,2024,222.285,245.15
O:AMZN251114P00225000,AMZN,2025-11-14,5,225.0,P,-0.044950660293687744,0.007452905402643163,-0.1254188715163207,0.02694812846316192,,3737,0.23,0.26,6,4,0.24,3043,224.755,245.15
O:AMZN251114P00227500,AMZN,2025-11-14,5,227.5,P,-0.06586973752011073,0.01029167923333027,-0.1713645666652359,0.046896990695692135,,2156,0.34,0.41,1,9,0.34,3762,227.125,245.15
O:AMZN251114P00230000,AMZN,2025-11-14,5,230.0,P,-0.08888778926312008,0.013538959218744167,-0.19996232334510378,0.04718194501672813,,4716,0.48,0.54,48,20,0.49,4884,229.49,245.15
O:AMZN251114P00232500,AMZN,2025-11-14,5,232.5,P,-0.12269258439508036,0.017751354101228,-0.2511875786554318,0.04766005833181299,,1018,0.7,0.75,34,35,0.72,2014,231.775,245.15
O:AMZN251114P00235000,AMZN,2025-11-14,5,235.0,P,-0.17166979407302688,0.022637867193181112,-0.3003743759531894,0.07180636108449757,,2645,1.03,1.13,44,80,1.05,6274,233.92,245.15
O:AMZN251114P00237500,AMZN,2025-11-14,5,237.5,P,-0.22883776798466063,0.027929740418814505,-0.35249181702057514,0.09460059977128568,,2023,1.38,1.63,14,54,1.5,3989,235.995,245.15
O:AMZN251114P00240000,AMZN,2025-11-14,5,240.0,P,-0.3048186996310827,0.032628527869535684,-0.3963421738091525,0.09533853588421394,,4258,2.15,2.21,99,1,2.15,8333,237.82,245.15
O:AMZN251114P00242500,AMZN,2025-11-14,5,242.5,P,-0.38930728050244273,0.036340828806855435,-0.4249634687437504,0.10979951460535028,,1347,3,3.05,10,5,3.05,2239,239.475,245.15
O:AMZN251114P00245000,AMZN,2025-11-14,5,245.0,P,-0.4822747928428887,0.037682955584281266,-0.45349315064204887,0.11066437186722812,,2108,4.1,4.25,29,1,4.15,2564,240.825,245.15
O:AMZN251114P00247500,AMZN,2025-11-14,5,247.5,P,-0.5673459319636309,0.03425364994561218,-0.4702083890528976,0.1114444986184583,,2434,5.5,6.3,19,40,5.45,892,241.6,245.15
O:AMZN251114P00250000,AMZN,2025-11-14,5,250.0,P,-0.6579195259544489,0.03395116995923688,-0.4173282542593237,0.09821798150465201,,1957,7.1,7.35,18,22,7.15,860,242.775,245.15
O:AMZN251114P00252500,AMZN,2025-11-14,5,252.5,P,-0.7303697987475154,0.029778867338754074,-0.38050320266495125,0.0986293019259248,,1427,9,9.2,25,3,9.09,152,243.4,245.15
O:AMZN251114P00255000,AMZN,2025-11-14,5,255.0,P,-0.7847347703433696,0.025217792074979647,-0.3525572497137093,0.0759170431879822,,1155,11.05,11.35,11,31,11.15,146,243.8,245.15
O:AMZN251114P00257500,AMZN,2025-11-14,5,257.5,P,-0.8260945688867841,0.02100550917992458,-0.32144691889861643,0.07596943125707518,,445,13.3,13.55,2,19,13.34,70,244.075,245.15
O:AMZN251114P00260000,AMZN,2025-11-14,5,260.0,P,-0.8687461838569418,0.017375359642053948,-0.27267203978033155,0.05103146530982907,,312,15.25,15.95,47,65,15.8,55,244.4,245.15
O:AMZN251114P00262500,AMZN,2025-11-14,5,262.5,P,-0.8414708222660569,0.015175867590866409,-0.400812878899981,0.07654840047015249,,72,18,19.2,10,10,23.31,6,243.9,245.15
O:AMZN251114P00265000,AMZN,2025-11-14,5,265.0,P,-0.8923088613012474,0.012625793316053737,-0.2773122794003746,0.051240268802153155,,78,20.45,20.65,4,19,24.08,30,244.45,245.15
O:AMZN251114P00267500,AMZN,2025-11-14,5,267.5,P,-0.8651466260939246,0.011797252044899403,-0.4213761141677543,0.05167642834708633,,6,22.9,24.15,20,19,24.35,14,243.975,245.15
O:AMZN251114P00270000,AMZN,2025-11-14,5,270.0,P,-0.8738708902510345,0.010568861896235134,-0.42375435578617116,0.05190632849391183,,7,25.4,26.6,4,10,26.85,11,244,245.15
O:AMZN251114P00272500,AMZN,2025-11-14,5,272.5,P,-0.8801131233002331,0.009565248537306902,-0.4332101939017342,0.05212831688845978,,0,27.9,29.1,4,10,22.3,2,244,245.15
O:AMZN251114P00275000,AMZN,2025-11-14,5,275.0,P,-0.9186371330720572,0.007842540485852803,-0.30015899522312034,0.051178914984905524,,0,29.4,31.6,133,10,30.2,203,244.5,245.15
O:AMZN251114P00277500,AMZN,2025-11-14,5,277.5,P,-0.9223908386333985,0.007149770388557159,-0.30922958564077113,0.05133678337841,,0,31.9,34.1,133,10,32.55,141,244.5,245.15
O:AMZN251114P00280000,AMZN,2025-11-14,5,280.0,P,-0.9274829730614746,0.006501964586133308,-0.30965182237105215,0.030485257035166743,,1,34.35,36.6,141,10,30,4,244.525,245.15
O:AMZN251114P00282500,AMZN,2025-11-14,5,282.5,P,-0.9303018842366159,0.006006450840123301,-0.3132318136990032,0.030552278034406844,,1,36.85,39.1,142,1,37.7,1,244.525,245.15
O:AMZN251114P00285000,AMZN,2025-11-14,5,285.0,P,-0.9312105693885542,0.005628551905098801,-0.3268200161853604,0.030731597120516842,,0,39.4,41.6,134,10,40.22,1,244.5,245.15
O:AMZN251114P00287500,AMZN,2025-11-14,5,287.5,P,-0.935185795800699,0.005193968713619685,-0.3203783778398909,0.030802039057387855,,0,41.85,44.1,142,1,43.8,1,244.525,245.15
O:AMZN251114P00290000,AMZN,2025-11-14,5,290.0,P,-0.9357443677505669,0.004910274263171449,-0.33396250980860653,0.03092170960628722,,0,44.4,46.6,134,10,46.32,1,244.5,245.15
O:AMZN251114P00292500,AMZN,2025-11-14,5,292.5,P,-0.9377340760990284,0.004610210425808751,-0.3375298924588506,0.031045472210977212,,0,46.9,49.1,133,10,,,244.5,245.15
O:AMZN251114P00295000,AMZN,2025-11-14,5,295.0,P,-0.9395676497330129,0.004341859388051262,-0.3410949939346251,0.03116897176661885,,0,49.4,51.6,133,10,39.15,1,244.5,245.15
O:AMZN251114P00297500,AMZN,2025-11-14,5,297.5,P,-0.9253051827113634,0.0045460784609063064,-0.46477557603211367,0.031369633679318,,0,51.9,54.7,133,10,48.25,1,244.2,245.15
O:AMZN251114P00300000,AMZN,2025-11-14,5,300.0,P,-0.9442835715391439,0.0038354008483581573,-0.3380015650919006,0.03121681801124313,,15,54.35,56.6,142,1,55.25,15,244.525,245.15
O:AMZN251114P00305000,AMZN,2025-11-14,5,305.0,P,-0.9470565157331778,0.0034612847677866682,-0.34497260753479586,0.03145887931744926,,0,59.35,61.6,142,1,60.27,15,244.525,245.15
O:AMZN251114P00310000,AMZN,2025-11-14,5,310.0,P,-0.9481467726795318,0.0031915764883489895,-0.3620597949447546,0.03169519457339938,,0,64.4,66.6,133,10,53.65,1,244.5,245.15
O:AMZN251114P00315000,AMZN,2025-11-14,5,315.0,P,-0.95159996593841,0.0028883016106461155,-0.35884201991306225,0.03186707294386311,,0,69.35,71.6,141,2,60.35,12,244.525,245.15
O:AMZN251114P00320000,AMZN,2025-11-14,5,320.0,P,-0.9522517190426638,0.00270162416713231,-0.3758937748434872,0.03209958421717825,,0,74.4,76.6,133,10,,,244.5,245.15
O:AMZN251114P00325000,AMZN,2025-11-14,5,325.0,P,-0.9539732644359146,0.0025077196910617476,-0.38278016122194713,0.03233345626188733,,0,79.4,81.6,133,10,,,244.5,245.15
O:AMZN251114P00330000,AMZN,2025-11-14,5,330.0,P,-0.9566851546446686,0.0023075992426568985,-0.37949497507877944,0.03237159368519888,,0,84.35,86.6,141,2,,,244.525,245.15
O:AMZN251114P00335000,AMZN,2025-11-14,5,335.0,P,-0.9580569381672548,0.002161961377779858,-0.38622852452483847,0.03235076726734378,,0,90.35,90.6,1,1,,,244.525,245.15
O:AMZN251114P00340000,AMZN,2025-11-14,5,340.0,P,-0.9593075784799486,0.0020332770262588827,-0.39280374613738567,0.03234624297818337,,0,94.35,96.6,142,1,,,244.525,245.15
O:AMZN251114P00345000,AMZN,2025-11-14,5,345.0,P,-0.9593736471749827,0.0019470711227882408,-0.4097795623162649,0.03256517626959874,,0,99.4,101.6,125,1,,,244.5,245.15
O:AMZN251114P00350000,AMZN,2025-11-14,5,350.0,P,-0.9614926308502484,0.0018173302168998362,-0.40573967095824987,0.03256171732101004,,0,104.35,106.6,141,1,,,244.525,245.15
O:AMZN251121C00130000,AMZN,2025-11-21,12,130.0,C,1.0000000000006815,1.6343444956044475e-10,-0.013944606323682534,0.0002645847260863534,,138,114.65,115.85,12,8,113.26,6,245.25,245.15
O:AMZN251121C00197500,AMZN,2025-11-21,12,197.5,C,0.984481265342072,0.0015176906085038165,-0.06299237640761277,0.019637923522805963,,61,47.45,48.65,1,8,43,5,245.55,245.15
O:AMZN251121C00202500,AMZN,2025-11-21,12,202.5,C,0.9812602999214276,0.001953693123202354,-0.06668873432235285,0.019861058092473217,,118,42.45,43.7,19,19,37.48,5,245.575,245.15
O:AMZN251121C00212500,AMZN,2025-11-21,12,212.5,C,0.9618693543334518,0.004033848775644963,-0.09418601358658014,0.04073333851975886,,416,32.65,33.85,8,15,31.81,3,245.75,245.15
O:AMZN251121C00217500,AMZN,2025-11-21,12,217.5,C,0.9444231188959319,0.005879988123005937,-0.11499782384954638,0.04126831694064531,,1053,27.8,29,8,11,23.47,6,245.9,245.15
O:AMZN251121C00220000,AMZN,2025-11-21,12,220.0,C,1.0000000000013631,4.086127474235628e-11,-0.023598564547860076,0.0003417552713330159,,26141,24.75,25.6,31,20,25.84,196,245.175,245.15
O:AMZN251121C00222500,AMZN,2025-11-21,12,222.5,C,1.0000000000015334,8.989054472578462e-11,-0.023866730054084573,0.00034910484706705277,,996,22.05,23.7,42,30,21.73,25,245.375,245.15
O:AMZN251121C00225000,AMZN,2025-11-21,12,225.0,C,0.9439491022393587,0.008263099164224456,-0.08981165544415345,0.041580908788457875,,16145,20.65,20.9,10,13,21,219,245.775,245.15
O:AMZN251121C00227500,AMZN,2025-11-21,12,227.5,C,0.9225365802883163,0.010863132463321705,-0.1055154283413817,0.07240534030325499,,1842,18.25,18.6,57,22,18.15,45,245.925,245.15
O:AMZN251121C00230000,AMZN,2025-11-21,12,230.0,C,0.8816834188496631,0.01442962266396685,-0.14155509682377718,0.07329327084678648,,27444,16.1,16.45,50,17,16.33,1237,246.275,245.15
O:AMZN251121C00232500,AMZN,2025-11-21,12,232.5,C,0.8417567566519861,0.01779902210108318,-0.16171208591095673,0.11088693400426505,,2297,13.95,14.3,10,39,14,644,246.625,245.15
O:AMZN251121C00235000,AMZN,2025-11-21,12,235.0,C,0.7881733851887441,0.021144241357553866,-0.19601299223956115,0.11206585629306393,,17025,12,12.35,11,96,12.2,1043,247.175,245.15
O:AMZN251121C00237500,AMZN,2025-11-21,12,237.5,C,0.7279736826782216,0.023985372074707776,-0.21625696707380856,0.14790931879949515,,782,10.3,10.45,15,16,10.5,1086,247.875,245.15
O:AMZN251121C00240000,AMZN,2025-11-21,12,240.0,C,0.6648103808154853,0.02657674015772661,-0.23960010427931178,0.14931499753077507,,23920,8.55,8.75,23,36,8.7,3316,248.65,245.15
O:AMZN251121C00242500,AMZN,2025-11-21,12,242.5,C,0.5958965016338896,0.028278026862095313,-0.24427809227027372,0.17219207770881337,,513,7.05,7.2,18,61,7.2,2093,249.625,245.15
O:AMZN251121C00245000,AMZN,2025-11-21,12,245.0,C,0.5242781975495452,0.029129698487148588,-0.25581964212578834,0.17378663607271905,,17996,5.7,5.85,51,57,5.78,5554,250.775,245.15
O:AMZN251121C00247500,AMZN,2025-11-21,12,247.5,C,0.45262144033680235,0.029013333925756914,-0.24521467621947524,0.1753811658826001,,1133,4.55,4.65,33,35,4.65,803,252.1,245.15
O:AMZN251121C00250000,AMZN,2025-11-21,12,250.0,C,0.382537089294798,0.027993264656907643,-0.24038366342412526,0.1769449582922081,,44036,3.55,3.65,2002,50,3.56,6131,253.6,245.15
O:AMZN251121C00252500,AMZN,2025-11-21,12,252.5,C,0.31804176446231525,0.02604348622321221,-0.21909993055929802,0.15623705501683577,,1144,2.64,2.95,77,34,2.82,693,255.295,245.15
O:AMZN251121C00255000,AMZN,2025-11-21,12,255.0,C,0.2594047415015731,0.02349570450797008,-0.2027995350966609,0.1575525691499692,,17246,2.11,2.18,31,33,2.18,5442,257.145,245.15
O:AMZN251121C00257500,AMZN,2025-11-21,12,257.5,C,0.20769911266320862,0.020710506366361795,-0.17635390101868462,0.12155317345285699,,2934,1.55,1.67,92,40,1.66,664,259.11,245.15
O:AMZN251121C00260000,AMZN,2025-11-21,12,260.0,C,0.16728625922367826,0.0176984102094388,-0.15748774162231494,0.12247359166334423,,28099,1.25,1.26,35,5,1.25,3516,261.255,245.15
O:AMZN251121C00262500,AMZN,2025-11-21,12,262.5,C,0.13439740912374915,0.01500275314787075,-0.1402283684168089,0.08222708581291936,,1171,0.94,1.01,14,13,0.95,617,263.475,245.15
O:AMZN251121C00265000,AMZN,2025-11-21,12,265.0,C,0.10387546512720464,0.012391945423696545,-0.11494933850826788,0.08290933831125022,,13971,0.68,0.76,88,20,0.8,1622,265.72,245.15
O:AMZN251121C00267500,AMZN,2025-11-21,12,267.5,C,0.08297326185722628,0.010234216509538846,-0.10109428571702984,0.08341405213951625,,1296,0.5,0.63,105,96,0.62,485,268.065,245.15
O:AMZN251121C00270000,AMZN,2025-11-21,12,270.0,C,0.0665884755684809,0.008463796484505357,-0.08709427905023003,0.04860275737906039,,17547,0.44,0.45,19,3,0.45,3572,270.445,245.15
O:AMZN251121C00272500,AMZN,2025-11-21,12,272.5,C,0.055724749075027155,0.007092424995596338,-0.07725475562904302,0.04887701206607424,,1918,0.34,0.41,40,55,0.44,893,272.875,245.15
O:AMZN251121C00275000,AMZN,2025-11-21,12,275.0,C,0.0438514352584929,0.0057451129418691,-0.06499792899545025,0.049170253859579426,,8101,0.26,0.32,127,161,0.29,627,275.29,245.15
O:AMZN251121C00277500,AMZN,2025-11-21,12,277.5,C,0.034658399137172634,0.004668133344103313,-0.05596402109094032,0.04941980016913487,,498,0.21,0.24,31,50,0.23,118,277.725,245.15
O:AMZN251121C00280000,AMZN,2025-11-21,12,280.0,C,0.02915470178586425,0.003930870446024718,-0.04884737388586553,0.02484888514016553,,11353,0.18,0.2,22,100,0.2,635,280.19,245.15
O:AMZN251121C00282500,AMZN,2025-11-21,12,282.5,C,0.02383805244129724,0.003241315725814157,-0.041630406925786664,0.024986764272835627,,454,0.15,0.16,3,20,0.15,103,282.655,245.15
O:AMZN251121C00285000,AMZN,2025-11-21,12,285.0,C,0.019298458230908828,0.0026515144152363256,-0.03551235163783367,0.02511281183888733,,4717,0.12,0.13,27,31,0.14,155,285.125,245.15
O:AMZN251121C00287500,AMZN,2025-11-21,12,287.5,C,0.015552056248910375,0.0021655172559607748,-0.030493306721144364,0.02522724837366866,,1191,0.09,0.11,46,42,0.11,27,287.6,245.15
O:AMZN251121C00290000,AMZN,2025-11-21,12,290.0,C,0.012574908670059184,0.001777500036351951,-0.025831078058564782,0.010866803231636444,,8584,0.07,0.09,79,78,0.1,522,290.08,245.15
O:AMZN251121C00292500,AMZN,2025-11-21,12,292.5,C,0.010888389213432981,0.0015267890311727525,-0.02306609895141285,0.010917606864168357,,119,0.06,0.08,37,56,0.11,4,292.57,245.15
O:AMZN251121C00295000,AMZN,2025-11-21,12,295.0,C,0.008631903073760203,0.0012272334584863343,-0.01885035357869146,0.010976846836102809,,6975,0.05,0.06,42,50,0.07,32,295.055,245.15
O:AMZN251121C00297500,AMZN,2025-11-21,12,297.5,C,0.007065846587266514,0.0010092293139089181,-0.016085354936805307,0.011026152724530527,,148,0.04,0.05,18,13,0.05,14,297.545,245.15
O:AMZN251121C00300000,AMZN,2025-11-21,12,300.0,C,0.006831580843006075,0.0009432486441228288,-0.01622181207181376,0.011057060358538151,,49919,0.04,0.05,13,72,0.05,1969,300.045,245.15
O:AMZN251121C00305000,AMZN,2025-11-21,12,305.0,C,0.004606811036143067,0.0006476543599459987,-0.012022675189292259,0.004054131557998604,,896,0.02,0.04,10,55,0.02,9,305.03,245.15
O:AMZN251121C00310000,AMZN,2025-11-21,12,310.0,C,0.0030985826484245032,0.0004417705525748533,-0.008367261388769243,0.004095342195706425,,576,0.01,0.03,16,45,0.02,3,310.02,245.15
O:AMZN251121C00315000,AMZN,2025-11-21,12,315.0,C,0.0022934504613746163,0.00032395235565332696,-0.006573032274234823,0.0041274435606580276,,305,0.01,0.02,16,10,0.01,760,315.015,245.15
O:AMZN251121C00320000,AMZN,2025-11-21,12,320.0,C,0.0027909802389336977,0.000357916571942431,-0.008501090511395032,0.004143923316406141,,2287,0,0.01,0,426,0.01,505,320.005,245.15
O:AMZN251121C00325000,AMZN,2025-11-21,12,325.0,C,0.002080545134231322,0.0002662547416765417,-0.006706773350640574,0.004175538524630223,,634,0,0.02,0,33,0.01,500,325.01,245.15
O:AMZN251121C00330000,AMZN,2025-11-21,12,330.0,C,0.011259905157661858,0.0009359412398122385,-0.03960961579926961,0.011405062662002889,,1085,0,0.01,0,4,0.01,1028,330.005,245.15
O:AMZN251121C00335000,AMZN,2025-11-21,12,335.0,C,0.0019125676493175843,0.0002246846003081446,-0.006840190025243935,0.004225268828456914,,2706,0,0.01,0,61,0.01,511,335.005,245.15
O:AMZN251121C00340000,AMZN,2025-11-21,12,340.0,C,0.0018412189761087504,0.0002080815039605747,-0.006906769652743272,0.004250522316637196,,902,0,0.01,0,29,0.01,401,340.005,245.15
O:AMZN251121C00345000,AMZN,2025-11-21,12,345.0,C,0.0022741327221231086,0.00023677886284542585,-0.00883422170000887,0.004271044550605508,,1,0,0.01,0,16,0.02,1,345.005,245.15
O:AMZN251121C00350000,AMZN,2025-11-21,12,350.0,C,0.0017180644399561688,0.0001808999224273573,-0.007039659241926637,0.004301511644737359,,514,0,0.01,0,52,0.01,1,350.005,245.15
O:AMZN251121P00125000,AMZN,2025-11-21,12,125.0,P,-0.0020086122823952334,0.00010284562196277174,-0.016425446471990172,0.0024467075852067682,,1208,0,0.02,0,50,0.01,4,124.99,245.15
O:AMZN251121P00130000,AMZN,2025-11-21,12,130.0,P,-0.0009243745506030833,5.7895528137217296e-05,-0.007067130542769803,0.0024923916646536477,,1062,0.01,0.02,14,14,0.01,89,129.985,245.15
O:AMZN251121P00135000,AMZN,2025-11-21,12,135.0,P,-0.0009783692370198844,6.461527818104129e-05,-0.007004724145172059,0.0025390577358452454,,2267,0,0.02,0,14,0.01,5,134.99,245.15
O:AMZN251121P00140000,AMZN,2025-11-21,12,140.0,P,-0.0010367913563488543,7.229638214346458e-05,-0.0069416496365860315,0.002584463979211929,,5689,0.01,0.02,69,41,0.02,111,139.985,245.15
O:AMZN251121P00145000,AMZN,2025-11-21,12,145.0,P,-0.0014064836590961082,9.932091995008778e-05,-0.008738222505833485,0.002629976519027766,,954,0.01,0.03,36,85,0.02,20,144.98,245.15
O:AMZN251121P00150000,AMZN,2025-11-21,12,150.0,P,-0.0021097056301895545,0.0001482074595532072,-0.01239482968961142,0.002676278345110819,,9647,0.02,0.04,47,64,0.02,28,149.97,245.15
O:AMZN251121P00155000,AMZN,2025-11-21,12,155.0,P,-0.001925985341505913,0.00014773676795517364,-0.010470135461683825,0.0027170817766362086,,7167,0.02,0.03,91,10,0.03,11,154.975,245.15
O:AMZN251121P00160000,AMZN,2025-11-21,12,160.0,P,-0.0027209690995217283,0.00020968078738675713,-0.014126424037115967,0.002762400590592747,,4385,0.03,0.04,5,15,0.04,27,159.965,245.15
O:AMZN251121P00165000,AMZN,2025-11-21,12,165.0,P,-0.0038813763904135654,0.00029740670628610117,-0.018739869443257024,0.007717479313912212,,1072,0.04,0.06,66,76,0.06,20,164.95,245.15
O:AMZN251121P00170000,AMZN,2025-11-21,12,170.0,P,-0.004825844494524176,0.0003810550912750313,-0.021373419714239273,0.007829931206111146,,5004,0.05,0.07,41,51,0.06,73,169.94,245.15
O:AMZN251121P00175000,AMZN,2025-11-21,12,175.0,P,-0.006220332719806872,0.0005033714364654835,-0.02545640094276725,0.007942815807444107,,8108,0.07,0.08,20,149,0.07,1781,174.925,245.15
O:AMZN251121P00180000,AMZN,2025-11-21,12,180.0,P,-0.008100746304359016,0.0006699590517806035,-0.030989164729635813,0.008057112345207295,,7709,0.09,0.1,10,51,0.1,455,179.905,245.15
O:AMZN251121P00185000,AMZN,2025-11-21,12,185.0,P,-0.009811027448812914,0.0008444544866751664,-0.03507306782882159,0.008218133376442161,,7748,0.1,0.12,29,29,0.11,3677,184.89,245.15
O:AMZN251121P00190000,AMZN,2025-11-21,12,190.0,P,-0.012105885228786419,0.0010815454503262504,-0.038700082288097716,0.01929868613842848,,12768,0.12,0.14,38,42,0.13,491,189.87,245.15
O:AMZN251121P00192500,AMZN,2025-11-21,12,192.5,P,-0.013753491904488793,0.0012466447640994817,-0.04152446385170277,0.01941903605015367,,1715,0.13,0.16,25,5,0.19,3,192.355,245.15
O:AMZN251121P00195000,AMZN,2025-11-21,12,195.0,P,-0.015519411693724831,0.001432566339417972,-0.04434848543162388,0.019538606425106023,,5715,0.15,0.17,19,15,0.17,1319,194.84,245.15
O:AMZN251121P00197500,AMZN,2025-11-21,12,197.5,P,-0.015866694684844092,0.0015417936646511783,-0.04277731122250027,0.019641846826359766,,1068,0.12,0.19,5,6,0.18,170,197.345,245.15
O:AMZN251121P00200000,AMZN,2025-11-21,12,200.0,P,-0.020595996952079747,0.001951076880544565,-0.053291968090936566,0.019787859442674707,,19465,0.19,0.22,28,44,0.19,3092,199.795,245.15
O:AMZN251121P00202500,AMZN,2025-11-21,12,202.5,P,-0.022422582534411966,0.0021969367470527435,-0.05501672045698966,0.019903314655791683,,785,0.21,0.22,15,35,0.3,253,202.285,245.15
O:AMZN251121P00205000,AMZN,2025-11-21,12,205.0,P,-0.02557317356810002,0.002549288336717662,-0.060040085707142386,0.020064629174677506,,12224,0.23,0.25,33,115,0.24,806,204.76,245.15
O:AMZN251121P00207500,AMZN,2025-11-21,12,207.5,P,-0.02933990304417986,0.0029694869795770483,-0.06437350685205975,0.04029377179893765,,1683,0.26,0.28,5,1,0.28,1081,207.23,245.15
O:AMZN251121P00210000,AMZN,2025-11-21,12,210.0,P,-0.03425748094296516,0.0035044357408591975,-0.06938176047718392,0.04052359632882336,,13229,0.3,0.32,60,61,0.32,619,209.69,245.15
O:AMZN251121P00212500,AMZN,2025-11-21,12,212.5,P,-0.03719139973708754,0.00398178741055506,-0.06955547054295513,0.04072278632382349,,825,0.27,0.37,66,38,0.38,394,212.18,245.15
O:AMZN251121P00215000,AMZN,2025-11-21,12,215.0,P,-0.047125602404059296,0.004940697253812093,-0.08262089197532013,0.04100749365416928,,16418,0.39,0.43,72,55,0.41,1517,214.59,245.15
O:AMZN251121P00217500,AMZN,2025-11-21,12,217.5,P,-0.05158888099679989,0.005680302550699821,-0.08360141151574407,0.04121801932400411,,1150,0.35,0.5,41,36,0.5,191,217.075,245.15
O:AMZN251121P00220000,AMZN,2025-11-21,12,220.0,P,-0.06849061412563281,0.007131410070110966,-0.10446434463756758,0.07176547833583684,,12821,0.58,0.6,2,104,0.58,6549,219.41,245.15
O:AMZN251121P00222500,AMZN,2025-11-21,12,222.5,P,-0.08544142966803436,0.008674192577391158,-0.11832609048147653,0.0722452284709912,,1174,0.7,0.79,118,74,0.77,288,221.755,245.15
O:AMZN251121P00225000,AMZN,2025-11-21,12,225.0,P,-0.10462781317865011,0.010445606941928488,-0.13390973143120413,0.0727655414893673,,10520,0.88,0.95,863,75,0.88,888,224.085,245.15
O:AMZN251121P00227500,AMZN,2025-11-21,12,227.5,P,-0.1272810203708707,0.012459660662627181,-0.15054851862601654,0.10991259982612338,,1894,1.06,1.18,51,78,1.12,2743,226.38,245.15
O:AMZN251121P00230000,AMZN,2025-11-21,12,230.0,P,-0.15943186278618332,0.01479929229015017,-0.16745907916590164,0.11072176370606414,,12513,1.41,1.49,87,55,1.43,4449,228.55,245.15
O:AMZN251121P00232500,AMZN,2025-11-21,12,232.5,P,-0.19878053785663508,0.017287749180409477,-0.19271485182544007,0.11173951086656414,,1142,1.81,1.96,59,73,1.83,441,230.615,245.15
O:AMZN251121P00235000,AMZN,2025-11-21,12,235.0,P,-0.24115134586418321,0.01984369911060153,-0.20741817809543348,0.1471137853689745,,9658,2.32,2.4,48,15,2.33,5447,232.64,245.15
O:AMZN251121P00237500,AMZN,2025-11-21,12,237.5,P,-0.29295853019717655,0.022265001688016706,-0.2235258844013441,0.14835427854890734,,1405,2.96,3.05,78,46,2.98,886,234.495,245.15
O:AMZN251121P00240000,AMZN,2025-11-21,12,240.0,P,-0.35020365059797803,0.024314529085090287,-0.24168296408146184,0.1709274976553792,,5312,3.75,3.85,141,21,3.74,2348,236.2,245.15
O:AMZN251121P00242500,AMZN,2025-11-21,12,242.5,P,-0.41326246226131114,0.025536145113886792,-0.24774153443637872,0.17235972265084387,,1481,4.7,4.95,159,154,4.7,709,237.675,245.15
O:AMZN251121P00245000,AMZN,2025-11-21,12,245.0,P,-0.477862477624696,0.02661405098700978,-0.2560050393226598,0.17378231414741538,,8452,5.85,5.95,49,30,5.9,783,239.1,245.15
O:AMZN251121P00247500,AMZN,2025-11-21,12,247.5,P,-0.541282661261957,0.025833276473475435,-0.2527507332271369,0.17514576584114266,,785,7.15,7.65,156,171,7.25,218,240.1,245.15
O:AMZN251121P00250000,AMZN,2025-11-21,12,250.0,P,-0.6026764180728197,0.02491400880765065,-0.2501860783996873,0.17610908832253164,,10027,8.7,9.2,65,46,8.85,313,241.05,245.15
O:AMZN251121P00252500,AMZN,2025-11-21,12,252.5,P,-0.6653615935621991,0.02418417013333659,-0.22657221103533443,0.15547374977692752,,713,10.35,10.55,23,15,10.35,71,242.05,245.15
O:AMZN251121P00255000,AMZN,2025-11-21,12,255.0,P,-0.7145597341730046,0.021911906338423864,-0.2158317215169249,0.15596072423296767,,3097,12,12.8,43,59,12.5,52,242.6,245.15
O:AMZN251121P00257500,AMZN,2025-11-21,12,257.5,P,-0.7424323742819063,0.019037971472455707,-0.22853850693754946,0.1557135532768452,,1014,14.2,15.35,9,31,14.98,7,242.725,245.15
O:AMZN251121P00260000,AMZN,2025-11-21,12,260.0,P,-0.793085361934727,0.017527567241697437,-0.19018129721578614,0.12058589051055824,,497,16.05,17.1,35,32,16.5,32,243.425,245.15
O:AMZN251121P00262500,AMZN,2025-11-21,12,262.5,P,-0.8269946344354903,0.015503995693175687,-0.17149660336563854,0.11994698769327206,,112,18.3,19.15,39,20,22.65,38,243.775,245.15
O:AMZN251121P00265000,AMZN,2025-11-21,12,265.0,P,-0.8410891818230952,0.013654240704421264,-0.1764176857622901,0.11962350520731774,,238,20.5,21.85,31,33,25.4,27,243.825,245.15
O:AMZN251121P00267500,AMZN,2025-11-21,12,267.5,P,-0.8792158231489426,0.011936843663367279,-0.1383282519110545,0.0804784609911022,,21,22.7,23.75,22,19,24.19,1,244.275,245.15
O:AMZN251121P00270000,AMZN,2025-11-21,12,270.0,P,-0.8610370153854189,0.010948340512310863,-0.18816933239661385,0.081613241136423,,1725,25.6,26.65,16,24,29.5,316,243.875,245.15
O:AMZN251121P00272500,AMZN,2025-11-21,12,272.5,P,-0.8988203915228234,0.009464129086288308,-0.13402794244146946,0.08064309675766644,,6,27,29.25,156,4,32.8,1,244.375,245.15
O:AMZN251121P00275000,AMZN,2025-11-21,12,275.0,P,-0.8788322453886737,0.009046805318087481,-0.1842656152996582,0.08207458709389642,,1393,30.45,31.6,22,31,35.46,612,243.975,245.15
O:AMZN251121P00277500,AMZN,2025-11-21,12,277.5,P,-0.9150010190830331,0.007670107561564688,-0.12932627485567538,0.07919245972683878,,13,32.9,33.15,10,1,30.1,16,244.475,245.15
O:AMZN251121P00280000,AMZN,2025-11-21,12,280.0,P,-0.8883931487185976,0.007695518234369409,-0.19188053803081986,0.08231196404043352,,6,35.4,36.65,7,9,32.84,33,243.975,245.15
O:AMZN251121P00282500,AMZN,2025-11-21,12,282.5,P,-0.8950835349851886,0.007107673349440848,-0.18986042853117524,0.08221846350652909,,0,37.85,39.1,7,6,38.7,90,244.025,245.15
O:AMZN251121P00285000,AMZN,2025-11-21,12,285.0,P,-0.92810719673676,0.005961806589928162,-0.1334846403103544,0.06739501980638937,,0,39.35,41.6,157,10,41.2,4842,244.525,245.15
O:AMZN251121P00287500,AMZN,2025-11-21,12,287.5,P,-0.9289472861601468,0.005607153401843897,-0.13908383823127254,0.04782028143150968,,0,41.9,44.1,150,10,43.75,117,244.5,245.15
O:AMZN251121P00290000,AMZN,2025-11-21,12,290.0,P,-0.9050255655647302,0.005839615413102743,-0.2009706650479861,0.08292039211836283,,0,45.35,46.6,1,1,44.75,1,244.025,245.15
O:AMZN251121P00292500,AMZN,2025-11-21,12,292.5,P,-0.9347599314501924,0.004906506247142648,-0.13778602994568562,0.047609541011380575,,0,46.85,49.1,159,10,36.5,6,244.525,245.15
O:AMZN251121P00295000,AMZN,2025-11-21,12,295.0,P,-0.9351514297655268,0.004666690046835788,-0.14336084074429511,0.04805992717851334,,0,49.4,51.6,150,10,45.3,2,244.5,245.15
O:AMZN251121P00297500,AMZN,2025-11-21,12,297.5,P,-0.9383798546365214,0.004375090717695533,-0.1405701671350521,0.047968054827088755,,0,52.85,53.1,10,2,,,244.525,245.15
O:AMZN251121P00300000,AMZN,2025-11-21,12,300.0,P,-0.9385661520849341,0.004185861627489136,-0.14615064062414038,0.048134262825413394,,0,54.4,56.6,150,6,47.55,1,244.5,245.15
O:AMZN251121P00305000,AMZN,2025-11-21,12,305.0,P,-0.9187529645702529,0.004282268687142579,-0.22264610060024162,0.0824556526833222,,0,60.35,61.6,1,1,48.19,1,244.025,245.15
O:AMZN251121P00310000,AMZN,2025-11-21,12,310.0,P,-0.9441232675060205,0.003457831130381081,-0.15170272732117965,0.048845602836299636,,0,64.4,66.6,150,10,93.05,50,244.5,245.15
O:AMZN251121P00315000,AMZN,2025-11-21,12,315.0,P,-0.9464117636102838,0.0031774646603166734,-0.15447262272257042,0.04919840992378223,,0,69.4,71.6,150,10,,,244.5,245.15
O:AMZN251121P00320000,AMZN,2025-11-21,12,320.0,P,-0.9496826754468045,0.002905941994293002,-0.15299138317947125,0.04905541822243542,,0,74.35,76.6,159,6,92.32,42,244.525,245.15
O:AMZN251121P00325000,AMZN,2025-11-21,12,325.0,P,-0.951469466948086,0.0027000778034293143,-0.1556723817876312,0.04940003289993206,,0,79.35,81.6,151,10,97.7,1,244.525,245.15
O:AMZN251121P00330000,AMZN,2025-11-21,12,330.0,P,-0.9530755452918526,0.00252111830373493,-0.15834899303937872,0.04974247793967478,,0,84.35,86.6,4,10,73.91,6,244.525,245.15
O:AMZN251121P00335000,AMZN,2025-11-21,12,335.0,P,-0.9545330685771223,0.002364002752537947,-0.16097829135488803,0.04910241945163889,,1,89.35,91.6,150,10,111.5,3,244.525,245.15
O:AMZN251121P00340000,AMZN,2025-11-21,12,340.0,P,-0.9558726456686207,0.00222490462378509,-0.16352753787168117,0.04919715396859896,,0,94.35,96.6,151,10,88.55,1,244.525,245.15
O:AMZN251121P00345000,AMZN,2025-11-21,12,345.0,P,-0.9376226520142399,0.00249638386553224,-0.24988763400091069,0.052130065186112164,,0,100.35,101.6,10,10,,,244.025,245.15
O:AMZN251121P00350000,AMZN,2025-11-21,12,350.0,P,-0.9391433261009539,0.002372114712267248,-0.2526805906239906,0.05247612951951413,,0,105.35,106.6,10,1,110.39,2,244.025,245.15
O:AMZN251128C00130000,AMZN,2025-11-28,19,130.0,C,0.9999999999991455,-2.5689237626251982e-11,-0.013934476171127285,8.146843319966474e-05,,1,114.75,116,1,1,117.58,2,245.375,245.15
O:AMZN251128C00135000,AMZN,2025-11-28,19,135.0,C,1.000000000001709,1.0276696450298239e-10,-0.014470417562419503,8.728760700049675e-05,,0,109.75,111,1,1,,,245.375,245.15
O:AMZN251128C00145000,AMZN,2025-11-28,19,145.0,C,1.000000000001709,2.5689237627261026e-11,-0.015542300344774116,6.40109118010867e-05,,1,99.8,101.05,1,1,111.82,6,245.425,245.15
O:AMZN251128C00155000,AMZN,2025-11-28,19,155.0,C,0.9988988954242243,9.314133351017653e-05,-0.020363974449659265,0.003378115822509763,,5,89.85,91.1,1,2,75.6,2,245.475,245.15
O:AMZN251128C00160000,AMZN,2025-11-28,19,160.0,C,1.0000000000008544,2.5689237629951812e-11,-0.017150124518433358,9.892595460672013e-05,,7,83.9,86.75,110,10,79.84,1,245.325,245.15
O:AMZN251128C00165000,AMZN,2025-11-28,19,165.0,C,0.9965811371356106,0.0002692875560638792,-0.028088122688910935,0.009621603368377587,,18,79.9,81.15,1,2,84.61,10,245.525,245.15
O:AMZN251128C00170000,AMZN,2025-11-28,19,170.0,C,1,1.2847956814679809e-11,-0.018222007300809282,4.073421660444353e-05,,13,73.95,76.8,109,10,57.95,6,245.375,245.15
O:AMZN251128C00175000,AMZN,2025-11-28,19,175.0,C,0.9939420840445174,0.0004923671886119946,-0.03425440629435346,0.009899807173843138,,17,69.95,71.2,1,1,64.9,1,245.575,245.15
O:AMZN251128C00180000,AMZN,2025-11-28,19,180.0,C,0.9907628489815495,0.0007340648498085104,-0.04188241651125605,0.01006263992535086,,68,65,66.25,1,2,60.31,40,245.625,245.15
O:AMZN251128C00185000,AMZN,2025-11-28,19,185.0,C,0.9874043631010889,0.0010010853119192754,-0.047648085164854054,0.023802386237722926,,1,60.05,61.3,1,1,44.9,1,245.675,245.15
O:AMZN251128C00190000,AMZN,2025-11-28,19,190.0,C,0.9836483550786953,0.0013261512790073199,-0.053092837632024936,0.024112104276255805,,49,55.1,56.35,1,1,50.4,2,245.725,245.15
O:AMZN251128C00205000,AMZN,2025-11-28,19,205.0,C,0.9999999999995728,-1.9266928228391998e-11,-0.02197359703919125,6.401091181426714e-05,,185,40.35,40.55,2,29,40.85,7,245.45,245.15
O:AMZN251128C00215000,AMZN,2025-11-28,19,215.0,C,0.9752323890018478,0.0034017803341645945,-0.049312800892230516,0.025154774022901037,,470,29.65,31.85,105,6,28.6,10,245.75,245.15
O:AMZN251128C00220000,AMZN,2025-11-28,19,220.0,C,0.953429071913217,0.005923959836280451,-0.06533986553146223,0.05116597886027781,,512,25.65,26.2,13,13,24.8,24,245.925,245.15
O:AMZN251128C00225000,AMZN,2025-11-28,19,225.0,C,0.8891060154256252,0.010475599932783516,-0.11495159955555583,0.09092439389368107,,545,21.35,21.9,19,21,21.5,58,246.625,245.15
O:AMZN251128C00230000,AMZN,2025-11-28,19,230.0,C,0.8343014898699007,0.014556685452676016,-0.13504375437187563,0.1385640284604565,,1589,16.95,17.45,42,8,17.2,65,247.2,245.15
O:AMZN251128C00235000,AMZN,2025-11-28,19,235.0,C,0.7465498958424635,0.018690246304237313,-0.16676882115651914,0.18479637870229548,,1218,13.2,13.55,10,15,13.62,349,248.375,245.15
O:AMZN251128C00240000,AMZN,2025-11-28,19,240.0,C,0.6448785266233903,0.02223777549074061,-0.18736581300119037,0.2152078808194359,,5311,9.85,9.95,13,15,9.9,647,249.9,245.15
O:AMZN251128C00245000,AMZN,2025-11-28,19,245.0,C,0.5286893638053832,0.02407364112815881,-0.197072464930761,0.2193231552232035,,3596,6.95,7.1,9,61,7.13,932,252.025,245.15
O:AMZN251128C00250000,AMZN,2025-11-28,19,250.0,C,0.41037562916198167,0.023639503631125602,-0.18538480548572683,0.22350760259488303,,2698,4.7,4.85,61,62,4.81,1930,254.775,245.15
O:AMZN251128C00255000,AMZN,2025-11-28,19,255.0,C,0.30319102665838205,0.021097730034697733,-0.16408999349096196,0.1992225775943012,,2202,3.1,3.2,42,97,3.15,1370,258.15,245.15
O:AMZN251128C00260000,AMZN,2025-11-28,19,260.0,C,0.21547661930030695,0.017404909849201757,-0.13894600328506335,0.15500611168041714,,2798,2,2.08,7,28,2.05,2710,262.04,245.15
O:AMZN251128C00265000,AMZN,2025-11-28,19,265.0,C,0.14611678216446988,0.013455052781697577,-0.11221587978801273,0.1049970148793181,,1501,1.22,1.32,87,53,1.31,471,266.27,245.15
O:AMZN251128C00270000,AMZN,2025-11-28,19,270.0,C,0.10126770467880748,0.010004121365559298,-0.08662076852106594,0.10661156340501131,,1569,0.83,0.86,3,32,0.84,704,270.845,245.15
O:AMZN251128C00275000,AMZN,2025-11-28,19,275.0,C,0.07174761404712043,0.007407363725383401,-0.07093660361876603,0.06245495123684726,,1845,0.55,0.62,5,27,0.56,361,275.585,245.15
O:AMZN251128C00280000,AMZN,2025-11-28,19,280.0,C,0.048739481247370584,0.0052960456434695225,-0.052544105415451355,0.06330556520846739,,1014,0.37,0.4,51,63,0.39,176,280.385,245.15
O:AMZN251128C00285000,AMZN,2025-11-28,19,285.0,C,0.034647101054092286,0.003868017454033821,-0.04240865415140597,0.03196468063787681,,2368,0.26,0.28,71,81,0.28,179,285.27,245.15
O:AMZN251128C00290000,AMZN,2025-11-28,19,290.0,C,0.02464572948169175,0.0028108909067754593,-0.03198445840801394,0.032350154518738246,,799,0.18,0.2,43,46,0.19,26,290.19,245.15
O:AMZN251128C00295000,AMZN,2025-11-28,19,295.0,C,0.01759835221002145,0.002037942163801142,-0.025003962092306466,0.032658310415992396,,132,0.12,0.15,84,93,0.12,16,295.135,245.15
O:AMZN251128C00300000,AMZN,2025-11-28,19,300.0,C,0.013578495935445163,0.001568415550097412,-0.021144805875959776,0.014107392535627266,,721,0.1,0.11,8,28,0.1,103,300.105,245.15
O:AMZN251128C00305000,AMZN,2025-11-28,19,305.0,C,0.007585241192819824,0.0009471078465065118,-0.01222266847792941,0.014315641267163726,,130,0.03,0.08,9,24,0.07,3,305.055,245.15
O:AMZN251128C00310000,AMZN,2025-11-28,19,310.0,C,0.006624745026124069,0.0007959129948836797,-0.011484342366757523,0.014399133308560536,,102,0.04,0.06,9,47,0.05,11,310.05,245.15
O:AMZN251128C00315000,AMZN,2025-11-28,19,315.0,C,0.004699575553076243,0.0005754304624152975,-0.008806924579663464,0.00527953277834724,,61,0.02,0.05,99,95,0.03,3,315.035,245.15
O:AMZN251128C00320000,AMZN,2025-11-28,19,320.0,C,0.0033805228787347277,0.0004186362978331658,-0.006515606189820072,0.005333827126696286,,72,0.01,0.04,177,102,0.01,15,320.025,245.15
O:AMZN251128C00325000,AMZN,2025-11-28,19,325.0,C,0.010539953478189314,0.0009411828596314695,-0.021997451999277284,0.01453104456359702,,1,0,0.2,0,12,0.02,4,325.1,245.15
O:AMZN251128C00330000,AMZN,2025-11-28,19,330.0,C,0.008100328998490374,0.0007338768038167572,-0.017621561309625382,0.014656561979088854,,149,0.01,0.15,20,89,0.03,1,330.08,245.15
O:AMZN251128C00335000,AMZN,2025-11-28,19,335.0,C,0.0024519055558696653,0.00027569207872440147,-0.00547469075637706,0.005430465533910543,,385,0,0.02,0,4,0.01,1,335.01,245.15
O:AMZN251128C00340000,AMZN,2025-11-28,19,340.0,C,0.00184385449713378,0.000208710441622808,-0.004349930214947142,0.005469833872451255,,15,0.01,0.02,1,11,0.01,1,340.015,245.15
O:AMZN251128C00345000,AMZN,2025-11-28,19,345.0,C,0.0022768251999236585,0.00023737930432652602,-0.005558251688740623,0.0054889454897668255,,0,0,0.02,0,4,,,345.01,245.15
O:AMZN251128C00350000,AMZN,2025-11-28,19,350.0,C,0.0022010706432760204,0.00022168166037110062,-0.005599955371210253,0.005518785626258805,,4,0,0.02,0,5,0.02,10,350.01,245.15
O:AMZN251128P00125000,AMZN,2025-11-28,19,125.0,P,-0.0022131745959274134,0.00011102816987966147,-0.011450556399552848,0.0030655440337380496,,2,0,0.02,0,2,0.01,1,124.99,245.15
O:AMZN251128P00130000,AMZN,2025-11-28,19,130.0,P,-0.0009236074284009892,5.780217429566465e-05,-0.004418616848676746,0.003115544896506634,,8,0,0.03,0,3,0.07,3,129.985,245.15
O:AMZN251128P00135000,AMZN,2025-11-28,19,135.0,P,-0.0012489558844289395,7.893020767777776e-05,-0.005545190127182403,0.0031742464645340947,,5,0.01,0.03,25,10,0.09,1,134.98,245.15
O:AMZN251128P00140000,AMZN,2025-11-28,19,140.0,P,-0.001601606561424657,0.00010335589229720526,-0.006671548092743414,0.003231918702504236,,29,0.01,0.04,16,26,0.06,1,139.975,245.15
O:AMZN251128P00145000,AMZN,2025-11-28,19,145.0,P,-0.001983568317318461,0.00013153132220292702,-0.0077977119993667045,0.0032886383640319755,,32,0.02,0.04,7,12,0.03,6,144.97,245.15
O:AMZN251128P00150000,AMZN,2025-11-28,19,150.0,P,-0.002397067733715939,0.0001639776196712615,-0.008923700623824663,0.0033445066882087883,,81,0.02,0.05,10,17,0.03,3,149.965,245.15
O:AMZN251128P00155000,AMZN,2025-11-28,19,155.0,P,-0.0028445852295686897,0.00020129858124437913,-0.010049598041181326,0.0033998144457835205,,47,0.03,0.05,13,2,0.03,1,154.96,245.15
O:AMZN251128P00160000,AMZN,2025-11-28,19,160.0,P,-0.003923414518928244,0.00027730672695910533,-0.012780512272954537,0.009498913625451836,,281,0.04,0.07,70,76,0.06,14,159.945,245.15
O:AMZN251128P00165000,AMZN,2025-11-28,19,165.0,P,-0.004499872145529732,0.0003327767377787701,-0.013522675843460449,0.009635326074112022,,130,0.04,0.08,10,13,0.08,6,164.94,245.15
O:AMZN251128P00170000,AMZN,2025-11-28,19,170.0,P,-0.006094108739749726,0.00045482363951944763,-0.016991084305523287,0.009780947761287476,,355,0.07,0.09,46,26,0.09,126,169.92,245.15
O:AMZN251128P00175000,AMZN,2025-11-28,19,175.0,P,-0.008129833330006473,0.0006130748379701565,-0.02136833642260699,0.009930433626848208,,155,0.09,0.12,15,45,0.11,267,174.895,245.15
O:AMZN251128P00180000,AMZN,2025-11-28,19,180.0,P,-0.010008899842713468,0.0007767326426357018,-0.024625980572894737,0.02350137789852215,,1233,0.11,0.14,25,24,0.13,23,179.875,245.15
O:AMZN251128P00185000,AMZN,2025-11-28,19,185.0,P,-0.013072075028106027,0.0010279988419948597,-0.02885646712868769,0.023810357426135166,,2769,0.15,0.17,9,19,0.16,76,184.84,245.15
O:AMZN251128P00190000,AMZN,2025-11-28,19,190.0,P,-0.014529353910672801,0.0012241970832894918,-0.028954575383471386,0.024081765620513798,,1116,0.12,0.21,11,98,0.2,121,189.835,245.15
O:AMZN251128P00195000,AMZN,2025-11-28,19,195.0,P,-0.02106940563093161,0.0017518150435608475,-0.03869262958673901,0.024433865821506195,,767,0.23,0.25,38,61,0.25,48,194.76,245.15
O:AMZN251128P00200000,AMZN,2025-11-28,19,200.0,P,-0.027133470280445535,0.0023061910659541757,-0.04577736882496187,0.049516785511823015,,584,0.29,0.31,152,197,0.31,89,199.7,245.15
O:AMZN251128P00205000,AMZN,2025-11-28,19,205.0,P,-0.035767467025258605,0.003088796400457621,-0.052562050245388285,0.050104815485516464,,528,0.37,0.4,68,122,0.4,159,204.615,245.15
O:AMZN251128P00210000,AMZN,2025-11-28,19,210.0,P,-0.04779602559226588,0.004190515627954642,-0.062377131706091306,0.05074765468437552,,1377,0.49,0.51,19,19,0.52,134,209.5,245.15
O:AMZN251128P00215000,AMZN,2025-11-28,19,215.0,P,-0.06657320037707393,0.00576465788084067,-0.07719556990136871,0.0888713398293637,,733,0.66,0.73,33,1,0.7,152,214.305,245.15
O:AMZN251128P00220000,AMZN,2025-11-28,19,220.0,P,-0.09265934468390692,0.007917654272128899,-0.09135322982233215,0.09005586557335146,,1153,0.94,0.98,46,13,1,398,219.04,245.15
O:AMZN251128P00225000,AMZN,2025-11-28,19,225.0,P,-0.13194627243396562,0.010784446159955021,-0.11265865339641946,0.13712097118189537,,1018,1.34,1.45,118,54,1.46,212,223.605,245.15
O:AMZN251128P00230000,AMZN,2025-11-28,19,230.0,P,-0.1914587855400196,0.014303239620314226,-0.13786320305734248,0.13952521217809447,,1292,2.1,2.17,59,46,2.2,1230,227.865,245.15
O:AMZN251128P00235000,AMZN,2025-11-28,19,235.0,P,-0.2685151413368412,0.01794943253726446,-0.1576784645192864,0.18533171809288132,,1142,3.15,3.25,117,23,3.2,621,231.8,245.15
O:AMZN251128P00240000,AMZN,2025-11-28,19,240.0,P,-0.365428848701522,0.020905979274927926,-0.17693900392438874,0.21552393156790955,,4343,4.75,4.85,45,40,5,481,235.2,245.15
O:AMZN251128P00245000,AMZN,2025-11-28,19,245.0,P,-0.4742559962502178,0.02212387980016547,-0.19071090730317053,0.21926542450808184,,636,6.9,7.25,39,73,7,362,237.925,245.15
O:AMZN251128P00250000,AMZN,2025-11-28,19,250.0,P,-0.583303703366295,0.02194628899595326,-0.17814057139522615,0.2224386968231717,,893,9.7,9.9,40,45,9.77,86,240.2,245.15
O:AMZN251128P00255000,AMZN,2025-11-28,19,255.0,P,-0.6743582460783463,0.019353721066284923,-0.17033560433593137,0.19752816036358492,,575,13,13.9,33,32,13.64,103,241.55,245.15
O:AMZN251128P00260000,AMZN,2025-11-28,19,260.0,P,-0.7696408633885596,0.01720100631005422,-0.13753357326947532,0.1527485909713325,,238,16.75,17.15,9,19,17.15,9,243.05,245.15
O:AMZN251128P00265000,AMZN,2025-11-28,19,265.0,P,-0.8258665730778699,0.013893305536531243,-0.11889875599839723,0.1520326004783392,,23,21.2,21.5,9,19,23.66,2,243.65,245.15
O:AMZN251128P00270000,AMZN,2025-11-28,19,270.0,P,-0.8607596358947213,0.011205074970830694,-0.11389138149149051,0.10257470149388558,,80,25.6,26.5,12,15,30.55,21,243.95,245.15
O:AMZN251128P00275000,AMZN,2025-11-28,19,275.0,P,-0.895705092413182,0.009058496682798884,-0.091003248505476,0.1005084549519555,,11,30.55,30.8,7,5,21.45,10,244.325,245.15
O:AMZN251128P00280000,AMZN,2025-11-28,19,280.0,P,-0.9109029163876238,0.007523371069525336,-0.08795032332844968,0.0994584682139768,,20,35.45,35.7,14,19,29.65,8,244.425,245.15
O:AMZN251128P00285000,AMZN,2025-11-28,19,285.0,P,-0.9207063909382018,0.006399429798430216,-0.08829550332337041,0.09764433844163539,,0,39.4,41.65,136,10,29,1,244.475,245.15
O:AMZN251128P00290000,AMZN,2025-11-28,19,290.0,P,-0.9275412272587249,0.0055540000679876874,-0.09013761783067827,0.09336961859537332,,0,44.4,46.6,133,10,46.8,1,244.5,245.15
O:AMZN251128P00295000,AMZN,2025-11-28,19,295.0,P,-0.9317017710385168,0.004934275392310429,-0.09244334049029695,0.05991322028701001,,0,49.4,51.6,138,10,38.93,1,244.5,245.15
O:AMZN251128P00300000,AMZN,2025-11-28,19,300.0,P,-0.935191787117503,0.004437576489556802,-0.09416228537530641,0.06034575104244986,,0,54.4,56.6,136,10,47.4,11,244.5,245.15
O:AMZN251128P00305000,AMZN,2025-11-28,19,305.0,P,-0.9382292411929744,0.004025986026600508,-0.09585964579496974,0.06039750805131568,,0,59.4,61.6,137,10,51.82,101,244.5,245.15
O:AMZN251128P00310000,AMZN,2025-11-28,19,310.0,P,-0.9422068741898048,0.0036495353639948236,-0.09480417790455858,0.060638345163285534,,0,64.35,66.6,144,10,55.65,1,244.525,245.15
O:AMZN251128P00315000,AMZN,2025-11-28,19,315.0,P,-0.9432561041462442,0.003387054467334395,-0.09919925231156655,0.061042906737737435,,0,69.4,71.6,136,10,,,244.5,245.15
O:AMZN251128P00320000,AMZN,2025-11-28,19,320.0,P,-0.9453580420910903,0.0031354753603236533,-0.10085118061768528,0.0611301754427772,,0,74.4,76.6,133,10,76.3,2,244.5,245.15
O:AMZN251128P00325000,AMZN,2025-11-28,19,325.0,P,-0.9472516679438453,0.0029168990200022647,-0.10243633099781867,0.060678401197546056,,0,79.4,81.6,138,10,81.32,1,244.5,245.15
O:AMZN251128P00330000,AMZN,2025-11-28,19,330.0,P,-0.9489912988284374,0.002728603852370062,-0.10411585818986524,0.06042376091579287,,0,84.4,86.6,136,10,,,244.5,245.15
O:AMZN251128P00335000,AMZN,2025-11-28,19,335.0,P,-0.950568004314588,0.002563244682080451,-0.10579619893408677,0.06082652210678898,,0,89.4,91.6,136,10,,,244.5,245.15
O:AMZN251128P00340000,AMZN,2025-11-28,19,340.0,P,-0.9520026084004084,0.0024170176498655906,-0.10747370989972806,0.061227140032990575,,0,94.4,96.6,135,10,,,244.5,245.15
O:AMZN251128P00345000,AMZN,2025-11-28,19,345.0,P,-0.9533131677475074,0.0022869454388745984,-0.10914834251778864,0.06162545981834823,,0,99.4,101.6,135,10,,,244.5,245.15
O:AMZN251128P00350000,AMZN,2025-11-28,19,350.0,P,-0.9545147990374422,0.002170620189689128,-0.11082005314577613,0.06202144438499664,,0,104.4,106.6,135,1,93.45,1,244.5,245.15
O:AMZN251205C00125000,AMZN,2025-12-05,26,125.0,C,0.9999999999996888,4.769842719478987e-11,-0.013388801323388141,-9.932081751832267e-05,,0,119.85,121.1,1,1,,,245.475,245.15
O:AMZN251205C00160000,AMZN,2025-12-05,26,160.0,C,0.999999999998133,-7.494737834317619e-11,-0.017137665693929462,-9.435477664414748e-05,,0,84.05,86.3,118,10,,,245.175,245.15
O:AMZN251205C00165000,AMZN,2025-12-05,26,165.0,C,1,2.0439752096057184e-11,-0.01767321774694398,-8.442269489296038e-05,,0,79.05,81.35,1,1,,,245.2,245.15
O:AMZN251205C00185000,AMZN,2025-12-05,26,185.0,C,0.9808813410131391,0.0013264645627769477,-0.05113358005151625,0.027712773833077135,,1,60.3,61.55,1,1,60.15,1,245.925,245.15
O:AMZN251205C00195000,AMZN,2025-12-05,26,195.0,C,1.0000000000004667,4.769356522396952e-11,-0.02088653006460346,-0.00010180383796310459,,11,50.45,50.7,1,19,49.55,4,245.575,245.15
O:AMZN251205C00200000,AMZN,2025-12-05,26,200.0,C,1.0000000000015559,3.7471258187103366e-11,-0.021422082117502718,-0.00010676987884002787,,35,44.6,45.8,13,12,45.87,1,245.2,245.15
O:AMZN251205C00205000,AMZN,2025-12-05,26,205.0,C,0.9813057166277985,0.0020717397150263723,-0.040993153309007886,0.028537550338168426,,734,39.75,42,30,31,46.4,3,245.875,245.15
O:AMZN251205C00210000,AMZN,2025-12-05,26,210.0,C,0.9652112955422238,0.003501266328000708,-0.05438954581465184,0.058227694363840274,,74,35.95,36.15,2,29,34.6,1,246.05,245.15
O:AMZN251205C00215000,AMZN,2025-12-05,26,215.0,C,0.9175707766651152,0.006209303868722233,-0.0935691775752929,0.1035063174872268,,146,30.95,32.5,20,20,31.5,36,246.725,245.15
O:AMZN251205C00220000,AMZN,2025-12-05,26,220.0,C,0.9045549871931152,0.00791647687068354,-0.09247961629741422,0.10445668853971307,,111,26.45,27.1,60,26,26.7,7,246.775,245.15
O:AMZN251205C00225000,AMZN,2025-12-05,26,225.0,C,0.8564811615685066,0.010707963223205242,-0.11440572465822574,0.15960509391244174,,263,22.1,22.75,49,34,22.44,18,247.425,245.15
O:AMZN251205C00230000,AMZN,2025-12-05,26,230.0,C,0.7843067536132422,0.013426142892023464,-0.1473658333075779,0.21312778257427767,,886,18.2,19.1,14,29,18.34,515,248.65,245.15
O:AMZN251205C00235000,AMZN,2025-12-05,26,235.0,C,0.7297006337618617,0.01734560055793321,-0.14212649166319377,0.21598316719181107,,667,13.6,14.7,67,42,14.25,56,249.15,245.15
O:AMZN251205C00240000,AMZN,2025-12-05,26,240.0,C,0.6299190521931257,0.018823016694193718,-0.16560632517460835,0.2520608735870391,,1010,11.05,11.5,51,51,11.35,514,251.275,245.15
O:AMZN251205C00245000,AMZN,2025-12-05,26,245.0,C,0.5324929140406526,0.019995869928691127,-0.174209190617525,0.25680722397741645,,599,8.4,8.55,20,14,8.51,458,253.475,245.15
O:AMZN251205C00250000,AMZN,2025-12-05,26,250.0,C,0.4338214744354502,0.019890675446625997,-0.16473654629948237,0.26160724264408936,,1830,6.1,6.25,31,33,6.49,1580,256.175,245.15
O:AMZN251205C00255000,AMZN,2025-12-05,26,255.0,C,0.3404303749094977,0.018634550632317677,-0.1513296762912755,0.23313971292969402,,1464,4.25,4.45,52,42,4.58,366,259.35,245.15
O:AMZN251205C00260000,AMZN,2025-12-05,26,260.0,C,0.2591685395199993,0.016293023651670003,-0.13649275951133566,0.23711468905717298,,2205,3,3.1,88,94,3.11,2120,263.05,245.15
O:AMZN251205C00265000,AMZN,2025-12-05,26,265.0,C,0.19200844677325532,0.013586037228848769,-0.1125397531145427,0.18451015831296488,,1168,2.06,2.13,20,43,2.11,297,267.095,245.15
O:AMZN251205C00270000,AMZN,2025-12-05,26,270.0,C,0.13861499936084873,0.010891422442200089,-0.09310358363666432,0.12493044932324895,,4710,1.36,1.46,46,150,1.5,918,271.41,245.15
O:AMZN251205C00275000,AMZN,2025-12-05,26,275.0,C,0.10174031199356748,0.008484224159557296,-0.07525358018940642,0.12676374975370103,,607,0.98,1.02,49,46,1.05,123,276,245.15
O:AMZN251205C00280000,AMZN,2025-12-05,26,280.0,C,0.0742699527462112,0.006542191319788926,-0.06208863320677493,0.07429851706071663,,1074,0.68,0.73,103,65,0.72,183,280.705,245.15
O:AMZN251205C00285000,AMZN,2025-12-05,26,285.0,C,0.05481196274918899,0.005002292940558015,-0.049065555850975,0.07528644383698857,,2821,0.49,0.53,117,74,0.46,47,285.51,245.15
O:AMZN251205C00290000,AMZN,2025-12-05,26,290.0,C,0.040814407830943776,0.0038235618023108307,-0.04045370359236211,0.07606219793047467,,2357,0.36,0.39,39,100,0.34,20,290.375,245.15
O:AMZN251205C00295000,AMZN,2025-12-05,26,295.0,C,0.03045993626078828,0.0029323428843261294,-0.03237991585260384,0.038464558896305664,,232,0.26,0.29,53,40,0.25,105,295.275,245.15
O:AMZN251205C00300000,AMZN,2025-12-05,26,300.0,C,0.023293500110175152,0.0022646081343263556,-0.026294215116148524,0.038864684840112886,,880,0.2,0.22,1,71,0.2,266,300.21,245.15
O:AMZN251205C00305000,AMZN,2025-12-05,26,305.0,C,0.017357353102643185,0.0017190807652796955,-0.02121139056926033,0.039222240775828844,,102,0.14,0.17,23,46,0.13,1,305.155,245.15
O:AMZN251205C00310000,AMZN,2025-12-05,26,310.0,C,0.013055310736237636,0.0013191422163059212,-0.017018984833811545,0.01697186183732556,,51,0.1,0.13,55,74,0.09,6,310.115,245.15
O:AMZN251205C00315000,AMZN,2025-12-05,26,315.0,C,0.010201633767486578,0.0010341918960127038,-0.013832810987971225,0.01713754929388042,,17,0.08,0.1,2,13,0.08,10,315.09,245.15
O:AMZN251205C00320000,AMZN,2025-12-05,26,320.0,C,0.0074501852293764595,0.0007690270084322666,-0.010646622889530985,0.01730004403820369,,104,0.05,0.08,13,72,0.07,6,320.065,245.15
O:AMZN251205C00325000,AMZN,2025-12-05,26,325.0,C,0.0057445454833722825,0.0005973030232988802,-0.008784603639634694,0.017428131531270895,,24,0.04,0.06,4,14,0.11,2,325.05,245.15
O:AMZN251205C00330000,AMZN,2025-12-05,26,330.0,C,0.004595924487657506,0.0004792334387419001,-0.007369505711225208,0.006388593071687528,,157,0.03,0.05,12,35,0.03,11,330.04,245.15
O:AMZN251205C00335000,AMZN,2025-12-05,26,335.0,C,0.003472338476976927,0.0003661368880407248,-0.005700968269338199,0.006451751040840828,,80,0.02,0.04,4,12,0.06,61,335.03,245.15
O:AMZN251205C00340000,AMZN,2025-12-05,26,340.0,C,0.0028618207458728675,0.0002991397623688474,-0.004881938468460375,0.0064987646534166695,,0,0.01,0.04,2,5,,,340.025,245.15
O:AMZN251205C00345000,AMZN,2025-12-05,26,345.0,C,0.0022795514524681635,0.0002379878071896749,-0.004062896282986736,0.006545135741991306,,0,0,0.03,0,3,,,345.015,245.15
O:AMZN251205C00350000,AMZN,2025-12-05,26,350.0,C,0.0026693608483062585,0.00025985786152445887,-0.004942798834821049,0.006562998970311696,,1006,0,0.01,0,299,0.01,1,350.005,245.15
O:AMZN251205P00125000,AMZN,2025-12-05,26,125.0,P,-0.0011144290493847286,6.335417335687095e-05,-0.004086786936160795,0.003550401657072488,,0,0,0.03,0,5,,,124.985,245.15
O:AMZN251205P00130000,AMZN,2025-12-05,26,130.0,P,-0.0014260673074829255,8.261258386173008e-05,-0.0049073730444399435,0.0036198138836131687,,0,0,0.04,0,2,,,129.98,245.15
O:AMZN251205P00135000,AMZN,2025-12-05,26,135.0,P,-0.0015098966116406974,9.223025757915821e-05,-0.004878796415561704,0.0036843649686629253,,0,0.01,0.04,1,1,,,134.975,245.15
O:AMZN251205P00140000,AMZN,2025-12-05,26,140.0,P,-0.0021260015061010003,0.00013001867989144506,-0.006548020984698585,0.003754931246181314,,2,0,0.15,0,16,0.03,1,139.925,245.15
O:AMZN251205P00145000,AMZN,2025-12-05,26,145.0,P,-0.005089165261184346,0.0002731961574309193,-0.014929999108085101,0.010555125342477817,,8,0.03,0.16,1,16,0.03,1,144.905,245.15
O:AMZN251205P00150000,AMZN,2025-12-05,26,150.0,P,-0.003459604890274824,0.00021746944658464202,-0.0095184163240032,0.010694281478132093,,12,0.04,0.07,5,8,0.06,1,149.945,245.15
O:AMZN251205P00155000,AMZN,2025-12-05,26,155.0,P,-0.0044794092399323936,0.0002849290798560862,-0.01138331438877535,0.010866413529813792,,13,0.06,0.08,29,46,0.08,1210,154.93,245.15
O:AMZN251205P00160000,AMZN,2025-12-05,26,160.0,P,-0.003328210424736955,0.00024406338800998082,-0.007953389898010112,0.01099308809144011,,24,0.01,0.08,10,2,0.11,2,159.955,245.15
O:AMZN251205P00165000,AMZN,2025-12-05,26,165.0,P,-0.007075990778135825,0.00046872993170000337,-0.01577384152151868,0.011209382146971663,,33,0,0.12,0,17,0.09,1,164.94,245.15
O:AMZN251205P00170000,AMZN,2025-12-05,26,170.0,P,-0.00669335629042926,0.0004873958449077653,-0.013666367427405004,0.011338499031255478,,111,0.05,0.13,39,1,0.17,4,169.91,245.15
O:AMZN251205P00175000,AMZN,2025-12-05,26,175.0,P,-0.010966921989368852,0.000755054464251204,-0.0212810345363885,0.026938216440436952,,130,0.14,0.17,38,53,0.18,10,174.845,245.15
O:AMZN251205P00180000,AMZN,2025-12-05,26,180.0,P,-0.013800709155719697,0.0009685599078332032,-0.024362262168111454,0.0273016349112266,,339,0.18,0.2,6,78,0.2,102,179.81,245.15
O:AMZN251205P00185000,AMZN,2025-12-05,26,185.0,P,-0.01753059097625872,0.0012536444252826276,-0.028445358876417706,0.02767537300795152,,99,0.22,0.25,26,53,0.32,1,184.765,245.15
O:AMZN251205P00190000,AMZN,2025-12-05,26,190.0,P,-0.025447695388978047,0.0017584634513224656,-0.03940828520844642,0.05628641804370843,,534,0.27,0.43,43,77,0.35,14,189.65,245.15
O:AMZN251205P00195000,AMZN,2025-12-05,26,195.0,P,-0.028479013460850765,0.0020980019500887333,-0.03920630272891058,0.05688997027524378,,328,0.35,0.38,46,31,0.46,29,194.635,245.15
O:AMZN251205P00200000,AMZN,2025-12-05,26,200.0,P,-0.03672762460587941,0.002739283871781478,-0.044882728786142516,0.057599425388192724,,372,0.44,0.48,58,50,0.49,166,199.54,245.15
O:AMZN251205P00205000,AMZN,2025-12-05,26,205.0,P,-0.04996378913909263,0.00368262051398709,-0.055709177452973886,0.05847097807105716,,332,0.58,0.67,13,12,0.6,169,204.375,245.15
O:AMZN251205P00210000,AMZN,2025-12-05,26,210.0,P,-0.06440490227756616,0.004784580868614779,-0.06422559489738472,0.10229009247461397,,728,0.77,0.81,45,15,0.82,80,209.21,245.15
O:AMZN251205P00215000,AMZN,2025-12-05,26,215.0,P,-0.08762018757216715,0.006359067495892104,-0.07583766202847056,0.1037190038843754,,3077,1.06,1.1,36,14,1.18,57,213.92,245.15
O:AMZN251205P00220000,AMZN,2025-12-05,26,220.0,P,-0.11998088207160551,0.008356848294765282,-0.09377676279102187,0.15805757027746242,,607,1.48,1.54,33,21,1.55,138,218.49,245.15
O:AMZN251205P00225000,AMZN,2025-12-05,26,225.0,P,-0.16555158773952383,0.010738781682353971,-0.10939993384452504,0.16053921004514948,,538,2.11,2.24,57,54,2.15,312,222.825,245.15
O:AMZN251205P00230000,AMZN,2025-12-05,26,230.0,P,-0.22210830605292123,0.013356047458292941,-0.12788050952358626,0.21341104869490576,,1668,3,3.1,111,127,3.02,458,226.95,245.15
O:AMZN251205P00235000,AMZN,2025-12-05,26,235.0,P,-0.2942112133850711,0.015911551022681367,-0.14160208337055413,0.21726914638846626,,1940,4.25,4.35,82,58,4.39,470,230.7,245.15
O:AMZN251205P00240000,AMZN,2025-12-05,26,240.0,P,-0.37805486017510115,0.01796927764873939,-0.1508849171833311,0.252388001073255,,1107,5.9,6.05,32,44,6.05,415,234.025,245.15
O:AMZN251205P00245000,AMZN,2025-12-05,26,245.0,P,-0.47106242346358307,0.019098102862403016,-0.15939009926946415,0.2567800325172728,,1022,8.1,8.25,60,29,8.3,221,236.825,245.15
O:AMZN251205P00250000,AMZN,2025-12-05,26,250.0,P,-0.56278989094717,0.018648597317137153,-0.15369776405477703,0.26082263501575687,,586,10.8,11.35,69,72,11,117,238.925,245.15
O:AMZN251205P00255000,AMZN,2025-12-05,26,255.0,P,-0.6425596887831035,0.017026402177381984,-0.1526523242242829,0.2314770061075112,,732,14.05,15.2,43,49,14.4,70,240.375,245.15
O:AMZN251205P00260000,AMZN,2025-12-05,26,260.0,P,-0.7175951018865102,0.015407568864360788,-0.13582979074514173,0.2323545263982513,,66,17.55,18.95,45,43,22.09,8,241.75,245.15
O:AMZN251205P00265000,AMZN,2025-12-05,26,265.0,P,-0.7902733032439522,0.013670154737772083,-0.11000537252389431,0.17942567234519513,,16,21.75,22.25,48,23,25.3,1,243,245.15
O:AMZN251205P00270000,AMZN,2025-12-05,26,270.0,P,-0.8362458882903836,0.01145545635760411,-0.09705730282500569,0.1761534065762766,,80,26.15,26.7,48,31,30.3,1,243.575,245.15
O:AMZN251205P00275000,AMZN,2025-12-05,26,275.0,P,-0.8666912672140995,0.009574075331822808,-0.08969949097141569,0.12070332934842964,,4,30.75,31.45,19,19,35.7,9,243.9,245.15
O:AMZN251205P00280000,AMZN,2025-12-05,26,280.0,P,-0.8730490305390609,0.00822520675496871,-0.09709574036228735,0.12148094291144462,,100,35.55,36.8,28,10,38.99,24,243.825,245.15
O:AMZN251205P00285000,AMZN,2025-12-05,26,285.0,P,-0.8862116552111687,0.007145587724664221,-0.09517579053038458,0.12074990137462512,,4,40.45,41.7,14,11,41.36,2,243.925,245.15
O:AMZN251205P00290000,AMZN,2025-12-05,26,290.0,P,-0.9242835918828809,0.005839600577215688,-0.06590473438287416,0.1101348971670385,,0,44.35,46.65,133,1,46.6,1,244.5,245.15
O:AMZN251205P00295000,AMZN,2025-12-05,26,295.0,P,-0.9304031112631417,0.005158704293969759,-0.0671642749659239,0.09548511183825673,,0,50.35,50.6,1,1,50.2,146,244.525,245.15
O:AMZN251205P00300000,AMZN,2025-12-05,26,300.0,P,-0.9725501087663367,0.003698452912099705,-0.024449427958938057,0.04891423244481492,,0,54.35,55.6,1,1,51.75,6,245.025,245.15
O:AMZN251205P00305000,AMZN,2025-12-05,26,305.0,P,-0.9740351674200628,0.0032999149471076876,-0.02496799636420167,0.04738219503405205,,0,59.35,60.6,1,1,48.89,1,245.025,245.15
O:AMZN251205P00310000,AMZN,2025-12-05,26,310.0,P,-0.9396941582551608,0.003872719345414398,-0.07106229881531326,0.06941303663121884,,0,65.35,65.6,1,2,,,244.525,245.15
O:AMZN251205P00315000,AMZN,2025-12-05,26,315.0,P,-0.9420767520337928,0.0035711353606977764,-0.07232295334852948,0.06988228600473921,,0,70.35,70.6,1,1,,,244.525,245.15
O:AMZN251205P00320000,AMZN,2025-12-05,26,320.0,P,-0.9442014395247373,0.0033119904122437976,-0.07357828086076558,0.06967518122078836,,0,75.35,75.6,1,1,,,244.525,245.15
O:AMZN251205P00325000,AMZN,2025-12-05,26,325.0,P,-0.9448931404363438,0.003107927772857568,-0.07676702171762746,0.07079337978647997,,0,79.35,81.65,135,1,70.05,2,244.5,245.15
O:AMZN251205P00330000,AMZN,2025-12-05,26,330.0,P,-0.978815458814368,0.0021529909665928145,-0.026402598197000127,0.0282080823552945,,0,84.35,85.6,1,1,,,245.025,245.15
O:AMZN251205P00335000,AMZN,2025-12-05,26,335.0,P,-0.979468445015521,0.0020133681200719873,-0.026604638048071002,0.028384183320957494,,0,89.35,90.6,1,1,,,245.025,245.15
O:AMZN251205P00340000,AMZN,2025-12-05,26,340.0,P,-0.9497187361329996,0.0025809544725395057,-0.08031830907286076,0.07036483561287164,,0,94.35,96.65,140,1,,,244.5,245.15
O:AMZN251205P00345000,AMZN,2025-12-05,26,345.0,P,-0.9510605168891798,0.0024426415284192504,-0.0814551255743947,0.07081271814551633,,0,99.35,101.65,135,1,,,244.5,245.15
O:AMZN251205P00350000,AMZN,2025-12-05,26,350.0,P,-0.9522919186100745,0.0023188029224333463,-0.08258987800825202,0.07125777599242414,,0,104.35,106.65,136,1,,,244.5,245.15
