ticker,underlying,expiration,dte,strike,type,delta,gamma,theta,vega,iv,open_interest,bid,ask,mid,bid_size,ask_size,last_price,last_size,volume,open,high,low,close,vwap,break_even,underlying_price
O:MSFT251114C00270000,MSFT,2025-11-14,11,270.0,C,,,,,,3,225.2,228.5,226.85,80,80,248.17,1,12,250.03,250.4,248.17,248.17,249.0533,496.85,502.27
O:MSFT251114C00280000,MSFT,2025-11-14,11,280.0,C,,,,,,0,215.25,218.5,216.875,80,80,,,,,,,,,496.875,502.27
O:MSFT251114C00290000,MSFT,2025-11-14,11,290.0,C,,,,,,3,205.25,208.5,206.875,80,80,206.78,1,1,206.78,206.78,206.78,206.78,206.78,496.875,502.27
O:MSFT251114C00300000,MSFT,2025-11-14,11,300.0,C,,,,,,0,195.25,198.5,196.875,80,80,221.5,4,4,221.5,221.5,221.5,221.5,221.5,496.875,502.27
O:MSFT251114C00310000,MSFT,2025-11-14,11,310.0,C,,,,,,0,185.25,188.5,186.875,80,80,,,,,,,,,496.875,502.27
O:MSFT251114C00320000,MSFT,2025-11-14,11,320.0,C,,,,,,0,175.3,178.55,176.925,80,80,,,,,,,,,496.925,502.27
O:MSFT251114C00325000,MSFT,2025-11-14,11,325.0,C,,,,,,0,170.3,174.35,172.325,80,80,,,,,,,,,497.325,502.27
O:MSFT251114C00330000,MSFT,2025-11-14,11,330.0,C,,,,,,1,165.3,168.55,166.925,80,80,188.79,1,1,188.79,188.79,188.79,188.79,188.79,496.925,502.27
O:MSFT251114C00335000,MSFT,2025-11-14,11,335.0,C,,,,,,3,160.3,163.55,161.925,80,80,182.22,1,16,185.12,185.42,182.17,182.22,183.885,496.925,502.27
O:MSFT251114C00340000,MSFT,2025-11-14,11,340.0,C,,,,,,0,155.3,158.55,156.925,80,80,,,,,,,,,496.925,502.27
O:MSFT251114C00345000,MSFT,2025-11-14,11,345.0,C,,,,,,0,150.3,153.55,151.925,1,80,,,,,,,,,496.925,502.27
O:MSFT251114C00350000,MSFT,2025-11-14,11,350.0,C,,,,,,1,145.3,148.55,146.925,81,80,148.66,1,1,148.66,148.66,148.66,148.66,148.66,496.925,502.27
O:MSFT251114C00355000,MSFT,2025-11-14,11,355.0,C,,,,,,4,140.3,143.55,141.925,80,80,162.24,1,16,165.24,165.44,162.24,162.24,163.9425,496.925,502.27
O:MSFT251114C00360000,MSFT,2025-11-14,11,360.0,C,,,,,,0,135.3,138.55,136.925,139,126,,,,,,,,,496.925,502.27
O:MSFT251114C00365000,MSFT,2025-11-14,11,365.0,C,,,,,,1,130.35,133.55,131.95,113,113,157.7,1,1,157.7,157.7,157.7,157.7,157.7,496.95,502.27
O:MSFT251114C00370000,MSFT,2025-11-14,11,370.0,C,,,,,,0,125.35,128.55,126.95,132,126,,,,,,,,,496.95,502.27
O:MSFT251114C00375000,MSFT,2025-11-14,11,375.0,C,,,,,,0,120.35,123.45,121.9,135,128,121.6,5,5,121.6,121.6,121.6,121.6,121.6,496.9,502.27
O:MSFT251114C00380000,MSFT,2025-11-14,11,380.0,C,,,,,,2,115.35,118.6,116.975,133,125,158.2,1,2,158.2,158.2,158.2,158.2,158.2,496.975,502.27
O:MSFT251114C00385000,MSFT,2025-11-14,11,385.0,C,,,,,,11,110.35,113.6,111.975,115,115,125.84,5,5,125.84,125.84,125.84,125.84,125.84,496.975,502.27
O:MSFT251114C00390000,MSFT,2025-11-14,11,390.0,C,,,,,,9,105.35,108.65,107.0,117,116,105.73,1,1,105.73,105.73,105.73,105.73,105.73,497,502.27
O:MSFT251114C00395000,MSFT,2025-11-14,11,395.0,C,,,,,,5,100.4,103.5,101.95,111,111,115,4,4,115,115,115,115,115,496.95,502.27
O:MSFT251114C00400000,MSFT,2025-11-14,11,400.0,C,,,,,,13,96.2,98.35,97.275,107,107,96.38,20,20,96.38,96.38,96.38,96.38,96.38,497.275,502.27
O:MSFT251114C00405000,MSFT,2025-11-14,11,405.0,C,,,,,,4,90.4,93.8,92.1,116,109,91.68,1,1,91.68,91.68,91.68,91.68,91.68,497.1,502.27
O:MSFT251114C00410000,MSFT,2025-11-14,11,410.0,C,,,,,,10,85.4,88.6,87.0,116,119,87.45,2,6,85.1,87.45,85.1,87.45,86.24,497,502.27
O:MSFT251114C00415000,MSFT,2025-11-14,11,415.0,C,,,,,,3,80.45,83.65,82.05000000000001,108,109,81.28,1,1,81.28,81.28,81.28,81.28,81.28,497.05,502.27
O:MSFT251114C00420000,MSFT,2025-11-14,11,420.0,C,,,,,,2,75.4,78.25,76.825,107,105,89.56,1,1,89.56,89.56,89.56,89.56,89.56,496.825,502.27
O:MSFT251114C00425000,MSFT,2025-11-14,11,425.0,C,,,,,,4,70.55,73.6,72.07499999999999,110,111,90.43,1,1,90.43,90.43,90.43,90.43,90.43,497.075,502.27
O:MSFT251114C00430000,MSFT,2025-11-14,11,430.0,C,,,,,,50,65.65,68.6,67.125,112,112,76.35,2,2,76.35,76.35,76.35,76.35,76.35,497.125,502.27
O:MSFT251114C00435000,MSFT,2025-11-14,11,435.0,C,,,,,,21,60.6,63.65,62.125,110,109,59.96,1,1,59.96,59.96,59.96,59.96,59.96,497.125,502.27
O:MSFT251114C00440000,MSFT,2025-11-14,11,440.0,C,,,,,,27,55.45,58.6,57.025000000000006,110,109,55.99,1,1,55.99,55.99,55.99,55.99,55.99,497.025,502.27
O:MSFT251114C00445000,MSFT,2025-11-14,11,445.0,C,,,,,,29,50.65,53.65,52.15,135,135,54.83,1,1,54.83,54.83,54.83,54.83,54.83,497.15,502.27
O:MSFT251114C00450000,MSFT,2025-11-14,11,450.0,C,,,,,,30,46.6,48.2,47.400000000000006,119,45,47.75,1,15,47,47.75,46.49,47.75,46.998,497.4,502.27
O:MSFT251114C00455000,MSFT,2025-11-14,11,455.0,C,,,,,,142,40.6,43.85,42.225,154,153,43.75,1,1,43.75,43.75,43.75,43.75,43.75,497.225,502.27
O:MSFT251114C00460000,MSFT,2025-11-14,11,460.0,C,,,,,,75,36.05,38.8,37.425,130,133,36.6,10,18,37,37,35,36.6,36.4444,497.425,502.27
O:MSFT251114C00465000,MSFT,2025-11-14,11,465.0,C,,,,,,24,30.75,33.75,32.25,129,58,32.75,3,6,33.4,33.4,31.17,32.75,32.3317,497.25,502.27
O:MSFT251114C00470000,MSFT,2025-11-14,11,470.0,C,,,,,,56,27.5,28.65,28.075,14,18,27.6,2,84,28.3,28.3,25.5,27.6,26.959,498.075,502.27
O:MSFT251114C00475000,MSFT,2025-11-14,11,475.0,C,,,,,,76,22.8,23.6,23.200000000000003,10,15,23.2,1,33,21.5,23.5,21.5,23.2,22.5324,498.2,502.27
O:MSFT251114C00480000,MSFT,2025-11-14,11,480.0,C,,,,,,178,18.3,19.05,18.675,43,55,18,1,50,20.25,20.25,16.5,18.1,18.1578,498.675,502.27
O:MSFT251114C00485000,MSFT,2025-11-14,11,485.0,C,,,,,,871,14.3,14.55,14.425,2,2,14.55,1,340,14.82,14.82,12.45,14.55,13.6757,499.425,502.27
O:MSFT251114C00490000,MSFT,2025-11-14,11,490.0,C,,,,,,479,9.75,10.75,10.25,36,15,10.5,3,1592,11.55,12.35,8.99,10.5,10.1975,500.25,502.27
O:MSFT251114C00495000,MSFT,2025-11-14,11,495.0,C,,,,,,710,7.35,7.55,7.449999999999999,2,23,7.53,1,3265,8.3,9.5,6.2,7.53,6.9763,502.45,502.27
O:MSFT251114C00497500,MSFT,2025-11-14,11,497.5,C,0.8248003245953225,0.04361424573625005,-0.20194552513092506,0.14436270858651892,,560,6,6.15,6.075,3,14,6.12,1,2889,6.85,7.9,5.07,6.12,5.8713,503.575,502.27
O:MSFT251114C00500000,MSFT,2025-11-14,11,500.0,C,0.6518374044419725,0.04748238682383764,-0.35391291519581797,0.22087682795884905,,3023,4.8,4.95,4.875,4,14,4.9,1,7854,5.55,6.7,4,4.9,4.8619,504.875,502.27
O:MSFT251114C00502500,MSFT,2025-11-14,11,502.5,C,0.5260001393853992,0.045913169592789994,-0.4112843258202045,0.22319672447545005,,648,3.6,3.95,3.7750000000000004,17,24,3.9,3,3247,5.4,5.5,3.15,3.9,3.563,506.275,502.27
O:MSFT251114C00505000,MSFT,2025-11-14,11,505.0,C,0.4236142614367529,0.040097320935195184,-0.43973366028412714,0.22492311184274524,,2271,3,3.1,3.05,13,32,3.05,1,6004,3.75,4.5,2.45,3.05,2.9185,508.05,502.27
O:MSFT251114C00507500,MSFT,2025-11-14,11,507.5,C,0.3343805364801208,0.036046377906483164,-0.4229692489814879,0.19815036867626903,,1469,2.13,2.37,2.25,9,1,2.39,1,1578,3,3.55,1.91,2.39,2.1845,509.75,502.27
O:MSFT251114C00510000,MSFT,2025-11-14,11,510.0,C,0.26506837738749006,0.030318444905356044,-0.4040370833140434,0.199228614627475,,6249,1.69,1.83,1.76,26,27,1.8,1,7912,2.27,2.88,1.45,1.8,2.0384,511.76,502.27
O:MSFT251114C00512500,MSFT,2025-11-14,11,512.5,C,0.20974642316251663,0.025283809527864843,-0.37223113344509584,0.1531050979900083,,2365,1.34,1.39,1.365,5,24,1.4,1,2258,1.94,2.22,1.09,1.4,1.3735,513.865,502.27
O:MSFT251114C00515000,MSFT,2025-11-14,11,515.0,C,0.1616510794468151,0.020727423671632977,-0.32608080917713744,0.15384995060105727,,3052,0.99,1.05,1.02,4,29,1.04,1,10964,1.49,1.8,0.84,1.04,1.0837,516.02,502.27
O:MSFT251114C00517500,MSFT,2025-11-14,11,517.5,C,0.1252005637044925,0.016834453828622496,-0.2856155070304609,0.10300641094882254,,1711,0.75,0.79,0.77,10,30,0.77,45,852,1.19,1.35,0.64,0.77,0.947,518.27,502.27
O:MSFT251114C00520000,MSFT,2025-11-14,11,520.0,C,0.0960885829411216,0.01342777596758864,-0.2400471347698888,0.10345762428550004,,10670,0.56,0.6,0.5800000000000001,7,40,0.57,1,9878,0.85,1.05,0.48,0.57,0.6113,520.58,502.27
O:MSFT251114C00522500,MSFT,2025-11-14,11,522.5,C,0.0734701351828004,0.010643398250408751,-0.20760098173370722,0.10380202243447037,,3586,0.42,0.45,0.435,76,63,0.42,4,798,0.77,0.81,0.38,0.42,0.4693,522.935,502.27
O:MSFT251114C00525000,MSFT,2025-11-14,11,525.0,C,0.05774507973075969,0.00850599408424943,-0.17413661014498952,0.060329733372088655,,5094,0.33,0.35,0.33999999999999997,40,41,0.33,9,1595,0.53,0.63,0.29,0.33,0.3603,525.34,502.27
O:MSFT251114C00527500,MSFT,2025-11-14,11,527.5,C,0.04509391237141256,0.006732149921346726,-0.14697112858575612,0.06052796861615198,,1247,0.25,0.28,0.265,80,111,0.27,5,1353,0.43,0.44,0.23,0.27,0.2745,527.765,502.27
O:MSFT251114C00530000,MSFT,2025-11-14,11,530.0,C,0.03570195597523962,0.005375824314649974,-0.12803127008675752,0.06067969287563803,,5687,0.2,0.22,0.21000000000000002,33,49,0.2,1,2671,0.33,0.37,0.19,0.2,0.2176,530.21,502.27
O:MSFT251114C00532500,MSFT,2025-11-14,11,532.5,C,0.028830904358475795,0.004357648572705071,-0.11048050455833487,0.030427685758925464,,685,0.16,0.18,0.16999999999999998,40,67,0.17,10,321,0.26,0.26,0.16,0.17,0.1811,532.67,502.27
O:MSFT251114C00535000,MSFT,2025-11-14,11,535.0,C,0.023517172640830194,0.0035415957424568835,-0.09486968970145555,0.03051608932683084,,4169,0.13,0.15,0.14,38,41,0.15,1,564,0.22,0.24,0.12,0.15,0.1612,535.14,502.27
O:MSFT251114C00537500,MSFT,2025-11-14,11,537.5,C,0.019775839881932152,0.0029365279492321013,-0.08486762370261257,0.030584005133935777,,458,0.11,0.13,0.12,33,34,0.13,20,76,0.18,0.19,0.11,0.13,0.1283,537.62,502.27
O:MSFT251114C00540000,MSFT,2025-11-14,11,540.0,C,0.015669428454798434,0.0023442921723728864,-0.07206115764824932,0.030658801225190477,,2435,0.09,0.1,0.095,5,7,0.1,1,684,0.15,0.16,0.08,0.1,0.1018,540.095,502.27
O:MSFT251114C00542500,MSFT,2025-11-14,11,542.5,C,0.014322508334583175,0.0020710578978226555,-0.0704721465080492,0.03069968005512829,,568,0.08,0.1,0.09,55,73,0.09,1,52,0.12,0.12,0.08,0.09,0.09096,542.59,502.27
O:MSFT251114C00545000,MSFT,2025-11-14,11,545.0,C,0.01250697310584858,0.00178091074622416,-0.06537868382762681,0.013181646571399905,,2686,0.07,0.09,0.08,49,63,0.08,1,268,0.1,0.1,0.05,0.08,0.0791,545.08,502.27
O:MSFT251114C00547500,MSFT,2025-11-14,11,547.5,C,0.011397633670973586,0.0015796392933843753,-0.062025966339873326,0.013207876152700103,,394,0.07,0.08,0.07500000000000001,5,13,0.08,1,103,0.08,0.09,0.05,0.08,0.0633,547.575,502.27
O:MSFT251114C00550000,MSFT,2025-11-14,11,550.0,C,0.009153361907044948,0.0012788856900760777,-0.05126937550307913,0.013247708843185591,,5472,0.05,0.07,0.060000000000000005,98,68,0.06,2,1522,0.08,0.09,0.04,0.06,0.06014,550.06,502.27
O:MSFT251114C00552500,MSFT,2025-11-14,11,552.5,C,0.008800217178932238,0.0011824465206153787,-0.05161855129752483,0.013266285377701461,,269,0.05,0.07,0.060000000000000005,18,42,0.06,1,66,0.05,0.06,0.05,0.06,0.05894,552.56,502.27
O:MSFT251114C00555000,MSFT,2025-11-14,11,555.0,C,0.007895739886386883,0.0010403999417384568,-0.048265776536369945,0.013291753610491848,,1927,0.04,0.07,0.05500000000000001,89,70,0.06,3,123,0.05,0.06,0.03,0.06,0.04715,555.055,502.27
O:MSFT251114C00560000,MSFT,2025-11-14,11,560.0,C,0.006242182591758216,0.0007981749576747826,-0.04156015327631265,0.01334247798062157,,2768,0.04,0.05,0.045,40,40,0.05,1,318,0.04,0.07,0.02,0.05,0.04236,560.045,502.27
O:MSFT251114C00565000,MSFT,2025-11-14,11,565.0,C,0.0053154222863791,0.0006526412959690522,-0.03855629620336898,0.013387762179059215,,796,0.03,0.05,0.04,71,88,0.03,1,54,0.04,0.05,0.02,0.03,0.0287,565.04,502.27
O:MSFT251114C00570000,MSFT,2025-11-14,11,570.0,C,0.0044974590917076715,0.000534987701909528,-0.03555228004147542,0.01343393471083201,,1263,0.02,0.05,0.035,99,121,0.05,4,103,0.02,0.05,0.01,0.05,0.0301,570.035,502.27
O:MSFT251114C00575000,MSFT,2025-11-14,11,575.0,C,0.004263108965928967,0.0004805666102644207,-0.03579962900983759,0.004901693095024,,1210,0.02,0.05,0.035,112,176,0.02,40,108,0.04,0.04,0.02,0.02,0.02176,575.035,502.27
O:MSFT251114C00580000,MSFT,2025-11-14,11,580.0,C,0.003060901923336537,0.00034825743146075887,-0.02647306358578593,0.0049269824848679625,,759,0.01,0.04,0.025,56,54,0.02,5,482,0.01,0.03,0.01,0.02,0.01842,580.025,502.27
O:MSFT251114C00585000,MSFT,2025-11-14,11,585.0,C,0.002410125371188624,0.0002707072021982389,-0.021895482089944723,0.004947686994020658,,920,0.01,0.03,0.02,15,1,0.02,1,1155,0.01,0.02,0.01,0.02,0.01003,585.02,502.27
O:MSFT251114C00590000,MSFT,2025-11-14,11,590.0,C,0.0027863042803307394,0.00028849279844784945,-0.02681578324638697,0.004960436269995946,,260,0.01,0.04,0.025,111,54,0.02,1,705,0.01,0.03,0.01,0.02,0.02064,590.025,502.27
O:MSFT251114C00595000,MSFT,2025-11-14,11,595.0,C,0.002204698041277593,0.00022647707604793113,-0.022238120520169175,0.0049809684152307444,,517,0.01,0.03,0.02,6,66,0.01,19,20,0.01,0.01,0.01,0.01,0.01,595.02,502.27
O:MSFT251114C00600000,MSFT,2025-11-14,11,600.0,C,0.002116771180176176,0.00020874253928499143,-0.02240933219327813,0.004997975197533361,,1265,0,0.03,,0,51,0.01,20,914,0.02,0.03,0.01,0.01,0.02931,600.015,502.27
O:MSFT251114C00605000,MSFT,2025-11-14,11,605.0,C,0.0020369008452971443,0.00019325468328920784,-0.02258046821285434,0.005015168149819159,,435,0,0.03,,0,84,0.01,20,631,0.01,0.03,0.01,0.01,0.02933,605.015,502.27
O:MSFT251114C00610000,MSFT,2025-11-14,11,610.0,C,0.0019640314111140644,0.00017964060482928337,-0.02275152583573888,0.0050325111287153525,,497,0,0.03,,0,87,0.02,40,463,0.01,0.02,0.01,0.02,0.01957,610.015,502.27
O:MSFT251114C00615000,MSFT,2025-11-14,11,615.0,C,0.0018972876308365068,0.0001676026951197411,-0.022922543630167762,0.005049986246733409,,545,0,0.03,,0,77,0.01,10,104,0.01,0.01,0.01,0.01,0.01,615.015,502.27
O:MSFT251114C00620000,MSFT,2025-11-14,11,620.0,C,0.0014362503068844675,0.00012850823869801662,-0.018344630121698985,0.005070096296957156,,313,0,0.03,,0,32,0.01,25,175,0.01,0.01,0.01,0.01,0.01,620.015,502.27
O:MSFT251114C00625000,MSFT,2025-11-14,11,625.0,C,0.0017793198226238593,0.0001473371288673345,-0.023264203198851943,0.0050852149677715845,,127,0,0.02,,0,7,0.01,1,1,0.01,0.01,0.01,0.01,0.01,625.01,502.27
O:MSFT251114C00630000,MSFT,2025-11-14,11,630.0,C,0.0013521992063337633,0.00011381935275038105,-0.018686237644797172,0.005105187838889772,,424,0,0.01,,0,1,0.01,5,5,0.01,0.01,0.01,0.01,0.01,630.005,502.27
O:MSFT251114C00635000,MSFT,2025-11-14,11,635.0,C,0.0013147557527475573,0.00010755673261019978,-0.01878938220198787,0.001559204199417992,,320,0,0.02,,0,20,0.01,17,21,0.02,0.02,0.01,0.01,0.01048,635.01,502.27
O:MSFT251114C00640000,MSFT,2025-11-14,11,640.0,C,0.0012797245167620816,0.00010185741595902547,-0.0188244508858088,0.0015647371174216367,,446,0,0.02,,0,36,0.01,1,21,0.01,0.01,0.01,0.01,0.01,640.01,502.27
O:MSFT251114C00645000,MSFT,2025-11-14,11,645.0,C,0.0015909738163725786,0.00011765339983836812,-0.023946533298899786,0.005156355678405286,,131,0,0.01,,0,66,0.01,1,1,0.01,0.01,0.01,0.01,0.01,645.005,502.27
O:MSFT251114C00650000,MSFT,2025-11-14,11,650.0,C,0.001215927108424569,9.187637292611416e-05,-0.018894528029931728,0.001575791583078283,,1130,0,0.01,,0,6,0.01,1,1,0.01,0.01,0.01,0.01,0.01,650.005,502.27
O:MSFT251114P00270000,MSFT,2025-11-14,11,270.0,P,-0.0006551560367802005,2.1761021856534076e-05,-0.025373438621103694,0.000991991908846246,,5,0,0.01,,0,638,0.03,3,3,0.03,0.03,0.03,0.03,0.03,269.995,502.27
O:MSFT251114P00280000,MSFT,2025-11-14,11,280.0,P,-0.000975553045441361,3.208504455906e-05,-0.03594281680633216,0.0033205898025259486,,2,0,0.01,,0,635,0.02,2,2,0.02,0.02,0.02,0.02,0.02,279.995,502.27
O:MSFT251114P00290000,MSFT,2025-11-14,11,290.0,P,-0.0007336034974587577,2.710652874700658e-05,-0.02524321693104396,0.0010285992815581924,,0,0,0.01,,0,644,,,,,,,,,289.995,502.27
O:MSFT251114P00300000,MSFT,2025-11-14,11,300.0,P,-0.0009381828510260738,3.5368154822842715e-05,-0.030551769289117417,0.0034384919738989785,,9,0,0.01,,0,20,0.01,32,875,0.01,0.01,0.01,0.01,0.01,299.995,502.27
O:MSFT251114P00310000,MSFT,2025-11-14,11,310.0,P,-0.0008254152885032257,3.410441132264115e-05,-0.025110395063653094,0.0010637287335063977,,0,0,0.02,,0,51,0.01,4,78,0.01,0.01,0.01,0.01,0.01,309.99,502.27
O:MSFT251114P00320000,MSFT,2025-11-14,11,320.0,P,-0.0008775416421679445,3.843342571752837e-05,-0.025043182331488393,0.0010807998556648358,,4,0,0.02,,0,51,0.02,1,1,0.02,0.02,0.02,0.02,0.02,319.99,502.27
O:MSFT251114P00325000,MSFT,2025-11-14,11,325.0,P,-0.0009054775390664011,4.085955192184418e-05,-0.024983417115532373,0.00357866450710749,,4,0,0.02,,0,51,0.06,1,2,0.02,0.06,0.02,0.06,0.04,324.99,502.27
O:MSFT251114P00330000,MSFT,2025-11-14,11,330.0,P,-0.0011287885114439973,5.0702423022503836e-05,-0.029564737006174957,0.003606119366644168,,4,0,0.01,,0,12,0.01,1,1,0.01,0.01,0.01,0.01,0.01,329.995,502.27
O:MSFT251114P00335000,MSFT,2025-11-14,11,335.0,P,-0.0011664666958888716,5.4055498199560724e-05,-0.029398466812994246,0.0036330372647230486,,4,0,0.02,,0,51,0.02,1,1,0.02,0.02,0.02,0.02,0.02,334.99,502.27
O:MSFT251114P00340000,MSFT,2025-11-14,11,340.0,P,-0.001409419690052714,6.559280124030886e-05,-0.0339792822555011,0.00366007208899623,,4,0,0.02,,0,51,0.12,1,2,0.09,0.12,0.09,0.12,0.105,339.99,502.27
O:MSFT251114P00345000,MSFT,2025-11-14,11,345.0,P,-0.0012482682101479904,6.170035454185195e-05,-0.02906469244484367,0.0036860037714615598,,5,0,0.02,,0,51,0.01,5,6,0.01,0.01,0.01,0.01,0.01,344.99,502.27
O:MSFT251114P00350000,MSFT,2025-11-14,11,350.0,P,-0.0017237103007437585,8.372347332532201e-05,-0.038392658330441864,0.0037131069607457944,,3,0,0.02,,0,51,0.01,5,27,0.01,0.01,0.01,0.01,0.01,349.99,502.27
O:MSFT251114P00355000,MSFT,2025-11-14,11,355.0,P,-0.0013400363105970006,7.0871427797158e-05,-0.02872938210880652,0.003737815116012773,,8,0,0.02,,0,40,0.03,2,16,0.01,0.06,0.01,0.03,0.03563,354.99,502.27
O:MSFT251114P00360000,MSFT,2025-11-14,11,360.0,P,-0.001624975589004303,8.659572195164036e-05,-0.03330916736631354,0.0037639597065365136,,14,0,0.01,,0,18,0.01,2,2,0.01,0.01,0.01,0.01,0.01,359.995,502.27
O:MSFT251114P00365000,MSFT,2025-11-14,11,365.0,P,-0.0019249699950429676,0.00010387374200007985,-0.037888804201338736,0.003789945600185249,,12,0,0.02,,0,39,0.03,10,20,0.03,0.03,0.03,0.03,0.03,364.99,502.27
O:MSFT251114P00370000,MSFT,2025-11-14,11,370.0,P,-0.0017544138313538898,0.00010059474935701701,-0.032972081063713285,0.0038141621140600625,,4,0,0.02,,0,60,0.02,2,2,0.02,0.02,0.02,0.02,0.02,369.99,502.27
O:MSFT251114P00375000,MSFT,2025-11-14,11,375.0,P,-0.001290827652408181,8.178138557907212e-05,-0.0233065771293303,0.0038368723869040594,,3,0,0.02,,0,41,0.01,20,20,0.01,0.01,0.01,0.01,0.01,374.99,502.27
O:MSFT251114P00380000,MSFT,2025-11-14,11,380.0,P,-0.001344992426080122,8.86442201957079e-05,-0.02313727702279002,0.0038609934501592147,,6,0,0.03,,0,104,0.02,1,2,0.02,0.02,0.02,0.02,0.02,379.985,502.27
O:MSFT251114P00385000,MSFT,2025-11-14,11,385.0,P,-0.0014033459837672227,9.634499628288992e-05,-0.02296749189522353,0.0038847766399980298,,16,0,0.03,,0,104,0.01,20,23,0.02,0.02,0.01,0.01,0.01087,384.985,502.27
O:MSFT251114P00390000,MSFT,2025-11-14,11,390.0,P,-0.0014664342571587873,0.0001050270259179833,-0.022797600793128717,0.003908204861424025,,48,0,0.03,,0,92,0.02,1,7,0.02,0.03,0.02,0.02,0.02143,389.985,502.27
O:MSFT251114P00395000,MSFT,2025-11-14,11,395.0,P,-0.0015348642814353218,0.00011486341923159965,-0.022627497580488164,0.003931256893049305,,55,0.01,0.03,0.02,9,59,0.03,10,13,0.02,0.03,0.02,0.03,0.02769,394.98,502.27
O:MSFT251114P00400000,MSFT,2025-11-14,11,400.0,P,-0.0016093612083934554,0.0001260677578844604,-0.022457196617002063,0.003953924781177102,,98,0.01,0.03,0.02,45,25,0.03,10,18,0.03,0.03,0.02,0.03,0.02889,399.98,502.27
O:MSFT251114P00405000,MSFT,2025-11-14,11,405.0,P,-0.0020462434692948765,0.00016245403794341246,-0.027035423659269496,0.003978094069817381,,390,0.01,0.04,0.025,108,129,0.04,1,27,0.04,0.04,0.03,0.04,0.03074,404.975,502.27
O:MSFT251114P00410000,MSFT,2025-11-14,11,410.0,P,-0.0028598930498679614,0.00022572633788331653,-0.036362305890014296,0.004004110919408957,,108,0.02,0.05,0.035,42,199,0.04,5,5,0.04,0.04,0.04,0.04,0.04,409.965,502.27
O:MSFT251114P00415000,MSFT,2025-11-14,11,415.0,P,-0.003014070435886714,0.000250284069197798,-0.03619165808556315,0.004026187185659451,,57,0.02,0.05,0.035,95,130,0.06,1,66,0.04,0.06,0.04,0.06,0.05227,414.965,502.27
O:MSFT251114P00420000,MSFT,2025-11-14,11,420.0,P,-0.003550739401125856,0.0003032011451703416,-0.04077000624074225,0.004052924767676901,,32,0.03,0.05,0.04,20,34,0.04,5,1654,0.04,0.06,0.04,0.04,0.05601,419.96,502.27
O:MSFT251114P00425000,MSFT,2025-11-14,11,425.0,P,-0.0041361440752297205,0.0003647623107043362,-0.043967408623360675,0.011197993457556461,,37,0.03,0.06,0.045,2,12,0.05,1,50,0.04,0.07,0.04,0.05,0.06,424.955,502.27
O:MSFT251114P00430000,MSFT,2025-11-14,11,430.0,P,-0.005941186876133201,0.0005177113922029878,-0.05807806383736119,0.011264088328208237,,195,0.05,0.08,0.065,78,119,0.07,1,65,0.07,0.1,0.06,0.07,0.08138,429.935,502.27
O:MSFT251114P00435000,MSFT,2025-11-14,11,435.0,P,-0.007121864963194304,0.0006419865230097802,-0.06478509056994292,0.011325062813233169,,267,0.06,0.09,0.075,93,97,0.09,1,147,0.09,0.13,0.08,0.09,0.09891,434.925,502.27
O:MSFT251114P00440000,MSFT,2025-11-14,11,440.0,P,-0.00882656180791241,0.0008179598424449425,-0.07519363950978178,0.011388596028074098,,216,0.08,0.1,0.09,58,54,0.12,10,111,0.12,0.15,0.1,0.12,0.1226,439.91,502.27
O:MSFT251114P00445000,MSFT,2025-11-14,11,445.0,P,-0.01108814677312429,0.0010514979237989043,-0.0892015877319779,0.02672855595244489,,194,0.1,0.12,0.11,27,2,0.11,2,94,0.15,0.2,0.11,0.11,0.1796,444.89,502.27
O:MSFT251114P00450000,MSFT,2025-11-14,11,450.0,P,-0.014814650209341225,0.0014142556198587428,-0.10640414080131197,0.026869429227212048,,490,0.13,0.16,0.14500000000000002,64,100,0.14,1,326,0.2,0.26,0.12,0.14,0.1933,449.855,502.27
O:MSFT251114P00455000,MSFT,2025-11-14,11,455.0,P,-0.019423071118002077,0.0018897971843482653,-0.12641050855294436,0.02701410466678906,,528,0.17,0.2,0.185,45,44,0.19,1,336,0.23,0.35,0.17,0.19,0.2706,454.815,502.27
O:MSFT251114P00460000,MSFT,2025-11-14,11,460.0,P,-0.026969953416846184,0.002618888447726745,-0.1632445403879478,0.02719184333528008,,918,0.24,0.27,0.255,6,26,0.26,2,591,0.41,0.5,0.25,0.26,0.3748,459.745,502.27
O:MSFT251114P00465000,MSFT,2025-11-14,11,465.0,P,-0.04486143621877617,0.003990458601993914,-0.24139502167284732,0.05473827984277006,,669,0.34,0.57,0.45499999999999996,33,52,0.36,10,674,0.43,0.73,0.35,0.36,0.4653,464.545,502.27
O:MSFT251114P00470000,MSFT,2025-11-14,11,470.0,P,-0.056351436770949455,0.005199397342906924,-0.2710561323621794,0.055034386284795206,,2464,0.52,0.57,0.5449999999999999,18,24,0.53,1,1724,0.85,1.07,0.47,0.53,0.7406,469.455,502.27
O:MSFT251114P00475000,MSFT,2025-11-14,11,475.0,P,-0.08378811552383121,0.007268865699439717,-0.3530027678121571,0.09568960044275396,,3493,0.82,0.87,0.845,75,31,0.82,5,1322,1.25,1.61,0.74,0.82,1.1584,474.155,502.27
O:MSFT251114P00480000,MSFT,2025-11-14,11,480.0,P,-0.12479895884363343,0.009937630026976696,-0.4763055140751382,0.09727399131520294,,4759,1.3,1.37,1.335,47,23,1.32,1,1859,1.89,2.42,1.15,1.32,1.757,478.665,502.27
O:MSFT251114P00485000,MSFT,2025-11-14,11,485.0,P,-0.18203466028125848,0.012914049370411823,-0.5883440418764381,0.14563596029300982,,4881,2.06,2.16,2.1100000000000003,3,6,2.1,1,3372,2.77,3.6,1.87,2.1,2.6303,482.89,502.27
O:MSFT251114P00490000,MSFT,2025-11-14,11,490.0,P,-0.256889091268785,0.015638681228456058,-0.7244494980033301,0.1918952668622814,,3585,3.25,3.4,3.325,22,42,3.26,11,2034,4.13,5.3,2.93,3.26,4.1951,486.675,502.27
O:MSFT251114P00495000,MSFT,2025-11-14,11,495.0,P,-0.3455843627229955,0.017470892311876034,-0.8738309811404643,0.2209861170641177,,2841,5,5.2,5.1,21,4,5.06,2,2906,5.89,7.53,4.59,5.06,6.011,489.9,502.27
O:MSFT251114P00497500,MSFT,2025-11-14,11,497.5,P,-0.395112846792429,0.017225731484867318,-0.9367499463767093,0.22181138560616212,,390,6.15,6.95,6.550000000000001,12,12,6.2,1,1109,7.05,8.9,5.56,6.2,7.1081,490.95,502.27
O:MSFT251114P00500000,MSFT,2025-11-14,11,500.0,P,-0.43883887198124505,0.017719897540295258,-0.9549116580535716,0.22258251411779345,,3221,7.5,7.7,7.6,10,4,7.5,1,2590,8.58,10.4,6.77,7.5,8.3299,492.4,502.27
O:MSFT251114P00502500,MSFT,2025-11-14,11,502.5,P,-0.4829178709174304,0.017117659306584397,-1.0376016452430483,0.22334119196154176,,1894,8.9,9.55,9.225000000000001,5,15,8.3,100,719,9.95,11.94,8.3,8.3,9.9415,493.275,502.27
O:MSFT251114P00505000,MSFT,2025-11-14,11,505.0,P,-0.5235625547946389,0.016630149429068247,-1.0428930242592545,0.22406603179711385,,2590,10.65,10.95,10.8,9,2,11.25,1,657,11.17,13.92,9.71,11.25,11.8005,494.2,502.27
O:MSFT251114P00507500,MSFT,2025-11-14,11,507.5,P,-0.5593715570382043,0.01547367000868855,-1.0892954745316568,0.22473809771014058,,703,12.4,13.25,12.825,5,17,11.63,1,171,14.19,15.29,11.63,11.63,13.7417,494.675,502.27
O:MSFT251114P00510000,MSFT,2025-11-14,11,510.0,P,-0.59427197442587,0.01483133821525475,-1.1049415940331326,0.22538703401774451,,3432,14.4,14.75,14.575,10,5,14.64,1,548,15.4,17.01,13.57,14.64,15.3224,495.425,502.27
O:MSFT251114P00512500,MSFT,2025-11-14,11,512.5,P,-0.6216667040365382,0.013738344777144432,-1.1681683705073727,0.2256435644986258,,2805,16.15,17.35,16.75,35,60,16.46,1,56,17.22,19.4,16.46,16.46,18.3843,495.75,502.27
O:MSFT251114P00515000,MSFT,2025-11-14,11,515.0,P,-0.6463397451994756,0.012818011383088761,-1.1923271181359165,0.19830922536114876,,17812,18.4,19.4,18.9,49,65,19.45,1,252,18.75,22.35,18.55,19.45,20.2817,496.1,502.27
O:MSFT251114P00517500,MSFT,2025-11-14,11,517.5,P,-0.6658984714836745,0.011829053040934099,-1.22162057049093,0.198822629949405,,607,20.65,21.85,21.25,11,35,21.85,1,77,19.95,23.67,19.95,21.85,22.3117,496.25,502.27
O:MSFT251114P00520000,MSFT,2025-11-14,11,520.0,P,-0.6847534083198537,0.011023869140145331,-1.240268063932011,0.1992884903866213,,12871,23,24.05,23.525,13,29,22.18,1,65,23.54,26.33,21.7,22.18,24.3985,496.475,502.27
O:MSFT251114P00522500,MSFT,2025-11-14,11,522.5,P,-0.7047373337270367,0.010400647761055143,-1.2376174985715656,0.19979356670524862,,447,24.9,26.4,25.65,88,31,25.9,1,65,28.13,28.95,25.9,25.9,27.5829,496.85,502.27
O:MSFT251114P00525000,MSFT,2025-11-14,11,525.0,P,-0.7049661043451982,0.009310891272451287,-1.3838873608350337,0.20019209359897175,,11618,27.6,30.05,28.825000000000003,31,135,28.79,2,228,27.04,31.22,27.04,28.79,29.6434,496.175,502.27
O:MSFT251114P00527500,MSFT,2025-11-14,11,527.5,P,-0.7163614181224447,0.008723272014447085,-1.4273235554136168,0.20056610071339903,,1492,29.95,32.6,31.275,107,150,31.64,2,46,28.79,33.69,28.79,31.64,31.907,496.225,502.27
O:MSFT251114P00530000,MSFT,2025-11-14,11,530.0,P,-0.7313652425393093,0.008302435124882577,-1.4317599696998011,0.20095294850632192,,266,31.8,35.1,33.45,146,146,34.19,1,19,31.85,35.7,31.56,34.19,34.2779,496.55,502.27
O:MSFT251114P00532500,MSFT,2025-11-14,11,532.5,P,-0.7394891475087356,0.007805547303204414,-1.4857689535262693,0.2014026255174652,,36,34.35,37.6,35.975,138,131,37.87,1,8,37.49,37.87,35.98,37.87,36.5963,496.525,502.27
O:MSFT251114P00535000,MSFT,2025-11-14,11,535.0,P,-0.7468304632183043,0.007365661285863818,-1.5396461279503524,0.20148721164937902,,170,36.9,40.1,38.5,149,148,38.4,1220,1292,38.86,40.06,37.65,38.4,38.438,496.5,502.27
O:MSFT251114P00537500,MSFT,2025-11-14,11,537.5,P,-0.7556377842206478,0.007002592582386982,-1.5750195748941207,0.19443230481034118,,0,39.3,42.5,40.9,107,108,38.95,490,490,38.95,38.95,38.95,38.95,38.95,496.6,502.27
O:MSFT251114P00540000,MSFT,2025-11-14,11,540.0,P,-0.7608536049927638,0.006636144854723956,-1.6153572186413145,0.1552173876622882,,243,41.85,45.1,43.475,131,121,43.4,1220,2464,41.7,45.35,41.7,43.4,42.7249,496.525,502.27
O:MSFT251114P00542500,MSFT,2025-11-14,11,542.5,P,-0.7672795064539673,0.006323337141259526,-1.6336951264473776,0.1555653064864759,,3,44.3,47.6,45.95,85,85,44.2,240,240,44.2,44.2,44.2,44.2,44.2,496.55,502.27
O:MSFT251114P00545000,MSFT,2025-11-14,11,545.0,P,-0.7728949781630663,0.006032851311188422,-1.6570656521460958,0.15590905719400303,,16,46.8,50.1,48.45,85,85,48.5,17,1012,49.2,51,47.08,48.5,47.1473,496.55,502.27
O:MSFT251114P00547500,MSFT,2025-11-14,11,547.5,P,-0.7777398544582607,0.005763474442874977,-1.685466377636278,0.1562069139238572,,0,49.3,52.65,50.974999999999994,81,81,31.25,10,31,31.25,31.25,31.25,31.25,31.25,496.525,502.27
O:MSFT251114P00550000,MSFT,2025-11-14,11,550.0,P,-0.7830900081419705,0.005521615380899817,-1.7037675580259561,0.15654977094585854,,2,51.8,55.1,53.45,85,85,54.11,2,4,56.24,56.24,54.11,54.11,55.175,496.55,502.27
O:MSFT251114P00552500,MSFT,2025-11-14,11,552.5,P,-0.7877306271770633,0.00529578783643203,-1.7271019812345414,0.15688819717698893,,0,54.3,57.6,55.95,81,81,34.53,1,1,34.53,34.53,34.53,34.53,34.53,496.55,502.27
O:MSFT251114P00555000,MSFT,2025-11-14,11,555.0,P,-0.7921013134639032,0.005087012997085108,-1.7504293867168264,0.1572260260118058,,0,56.8,60.1,58.45,85,85,41.78,15,38,42.2,42.8,40.13,41.78,41.375,496.55,502.27
O:MSFT251114P00560000,MSFT,2025-11-14,11,560.0,P,-0.8001208777473331,0.00471380669816966,-1.7970625742546362,0.15789683231003443,,0,61.8,65.1,63.449999999999996,85,85,60,1,1,60,60,60,60,60,496.55,502.27
O:MSFT251114P00565000,MSFT,2025-11-14,11,565.0,P,-0.8073032562535892,0.004390474061263169,-1.8436794644625583,0.1585063155016796,,0,66.8,70.1,68.44999999999999,85,85,43.66,1,1,43.66,43.66,43.66,43.66,43.66,496.55,502.27
O:MSFT251114P00570000,MSFT,2025-11-14,11,570.0,P,-0.8137755562163862,0.004108098436026068,-1.8902609526737937,0.15910911559925595,,0,71.8,75.1,73.44999999999999,81,81,69.5,1,2,70.4,70.4,69.5,69.5,69.95,496.55,502.27
O:MSFT251114P00575000,MSFT,2025-11-14,11,575.0,P,-0.8196352691180779,0.0038596988923175275,-1.936817548436738,0.15976662160300156,,0,76.8,80.1,78.44999999999999,81,81,47.5,1,1,47.5,47.5,47.5,47.5,47.5,496.55,502.27
O:MSFT251114P00580000,MSFT,2025-11-14,11,580.0,P,-0.8249646715843754,0.0036396753037600906,-1.9832844878218592,0.16032534856946115,,0,81.8,85.1,83.44999999999999,85,85,51.4,1,1,51.4,51.4,51.4,51.4,51.4,496.55,502.27
O:MSFT251114P00585000,MSFT,2025-11-14,11,585.0,P,-0.829829663545158,0.0034436617083115446,-2.0297032456881676,0.16097390648680587,,0,86.8,90.1,88.44999999999999,85,85,53.25,1,1,53.25,53.25,53.25,53.25,53.25,496.55,502.27
O:MSFT251114P00590000,MSFT,2025-11-14,11,590.0,P,-0.8339245692980601,0.0032684480181663818,-2.081123114992143,0.16161631300729287,,0,91.8,95.15,93.475,86,86,53.79,1,3,49.1,53.85,49.1,53.79,52.2467,496.525,502.27
O:MSFT251114P00595000,MSFT,2025-11-14,11,595.0,P,-0.8383916498952316,0.003109992080096051,-2.1222863921033386,0.16194345307352223,,0,96.8,100.1,98.44999999999999,82,92,,,,,,,,,496.55,502.27
O:MSFT251114P00600000,MSFT,2025-11-14,11,600.0,P,-0.8421835258517276,0.0029670318076336056,-2.168396194849098,0.16240941057980599,,0,101.8,105.1,103.44999999999999,85,85,74.85,20,20,74.85,74.85,74.85,74.85,74.85,496.55,502.27
O:MSFT251114P00605000,MSFT,2025-11-14,11,605.0,P,-0.8457052762705746,0.0028371008572532783,-2.2141918566825987,0.16180717654673607,,0,106.8,110.1,108.44999999999999,85,85,82.9,110,110,82.9,82.9,82.9,82.9,82.9,496.55,502.27
O:MSFT251114P00610000,MSFT,2025-11-14,11,610.0,P,-0.8489890944991383,0.002718057512149344,-2.251743386665153,0.10956324335979384,,0,111.8,115.1,113.44999999999999,85,85,84.99,220,370,86.85,86.85,84.99,84.99,85.7441,496.55,502.27
O:MSFT251114P00615000,MSFT,2025-11-14,11,615.0,P,-0.8520219858412265,0.0026092328724245076,-2.271113995716381,0.10998502044327248,,0,116.8,120.1,118.44999999999999,85,85,,,,,,,,,496.55,502.27
O:MSFT251114P00620000,MSFT,2025-11-14,11,620.0,P,-0.854884426956477,0.0025084938991481397,-2.2904679144528792,0.11040446410044251,,0,121.8,125.1,123.44999999999999,81,82,124.48,1,2,124.48,124.48,124.48,124.48,124.48,496.55,502.27
O:MSFT251114P00625000,MSFT,2025-11-14,11,625.0,P,-0.857590231776224,0.0024150244692092105,-2.309804940605449,0.11082151565427165,,0,126.8,130.1,128.45,81,81,,,,,,,,,496.55,502.27
O:MSFT251114P00630000,MSFT,2025-11-14,11,630.0,P,-0.8601517602489352,0.0023281108220554944,-2.3291248793214736,0.11123666758830592,,0,131.8,135.1,133.45,85,85,,,,,,,,,496.55,502.27
O:MSFT251114P00635000,MSFT,2025-11-14,11,635.0,P,-0.8625801048981302,0.0022471263766853456,-2.3484275452822243,0.11164940955190217,,0,136.8,140.1,138.45,80,80,,,,,,,,,496.55,502.27
O:MSFT251114P00640000,MSFT,2025-11-14,11,640.0,P,-0.8648852493475148,0.002171519128441102,-2.3677127608803046,0.11206025437529929,,0,141.8,145.1,143.45,80,80,109.6,1,1,109.6,109.6,109.6,109.6,109.6,496.55,502.27
O:MSFT251114P00645000,MSFT,2025-11-14,11,645.0,P,-0.8670762036156849,0.002100801134491302,-2.386980356194992,0.11246899665366004,,0,146.8,150.1,148.45,80,80,,,,,,,,,496.55,502.27
O:MSFT251114P00650000,MSFT,2025-11-14,11,650.0,P,-0.8691611200586645,0.00203453969996047,-2.4062301688773613,0.11287548942500512,,0,151.8,155.1,153.45,85,85,,,,,,,,,496.55,502.27
O:MSFT251121C00260000,MSFT,2025-11-21,18,260.0,C,,,,,,5,235.35,238.6,236.975,80,80,267.74,1,4,267.76,267.8,267.74,267.74,267.765,496.975,502.27
O:MSFT251121C00265000,MSFT,2025-11-21,18,265.0,C,,,,,,6,230.3,233.7,232.0,1,90,248.05,1,1,248.05,248.05,248.05,248.05,248.05,497,502.27
O:MSFT251121C00270000,MSFT,2025-11-21,18,270.0,C,,,,,,15,225.35,228.75,227.05,80,90,239.73,1,7,239.77,239.77,239.73,239.73,239.7471,497.05,502.27
O:MSFT251121C00275000,MSFT,2025-11-21,18,275.0,C,,,,,,9,220.35,223.75,222.05,80,90,244.9,2,9,244.9,244.9,244.9,244.9,244.9,497.05,502.27
O:MSFT251121C00280000,MSFT,2025-11-21,18,280.0,C,,,,,,7,215.35,218.6,216.975,81,80,226.19,2,2,226.19,226.19,226.19,226.19,226.19,496.975,502.27
O:MSFT251121C00285000,MSFT,2025-11-21,18,285.0,C,,,,,,0,210.4,213.9,212.15,80,10,,,,,,,,,497.15,502.27
O:MSFT251121C00290000,MSFT,2025-11-21,18,290.0,C,,,,,,12,205.4,208.65,207.025,80,80,206.07,2,2,206.07,206.07,206.07,206.07,206.07,497.025,502.27
O:MSFT251121C00295000,MSFT,2025-11-21,18,295.0,C,,,,,,0,200.3,204.1,202.2,80,80,,,,,,,,,497.2,502.27
O:MSFT251121C00300000,MSFT,2025-11-21,18,300.0,C,,,,,,12,195.4,198.8,197.10000000000002,80,80,208,1,1,208,208,208,208,208,497.1,502.27
O:MSFT251121C00305000,MSFT,2025-11-21,18,305.0,C,,,,,,1,190.4,193.65,192.025,80,80,207.5,1,1,207.5,207.5,207.5,207.5,207.5,497.025,502.27
O:MSFT251121C00310000,MSFT,2025-11-21,18,310.0,C,,,,,,38,185.4,188.65,187.025,80,80,210.05,18,18,210.05,210.05,210.05,210.05,210.05,497.025,502.27
O:MSFT251121C00315000,MSFT,2025-11-21,18,315.0,C,,,,,,2,180.4,183.8,182.10000000000002,80,90,206.19,1,1,206.19,206.19,206.19,206.19,206.19,497.1,502.27
O:MSFT251121C00320000,MSFT,2025-11-21,18,320.0,C,,,,,,7,175.45,178.65,177.05,80,80,200.05,1,1,200.05,200.05,200.05,200.05,200.05,497.05,502.27
O:MSFT251121C00325000,MSFT,2025-11-21,18,325.0,C,,,,,,0,170.45,173.65,172.05,109,109,192.37,1,1,192.37,192.37,192.37,192.37,192.37,497.05,502.27
O:MSFT251121C00330000,MSFT,2025-11-21,18,330.0,C,,,,,,1,165.45,168.7,167.075,107,107,165.37,1,1,165.37,165.37,165.37,165.37,165.37,497.075,502.27
O:MSFT251121C00335000,MSFT,2025-11-21,18,335.0,C,,,,,,0,160.45,163.25,161.85,107,92,,,,,,,,,496.85,502.27
O:MSFT251121C00340000,MSFT,2025-11-21,18,340.0,C,,,,,,29,155.45,158.6,157.02499999999998,118,117,155.45,2,2,155.45,155.45,155.45,155.45,155.45,497.025,502.27
O:MSFT251121C00345000,MSFT,2025-11-21,18,345.0,C,,,,,,28,150.5,153.3,151.9,98,84,175.05,3,8,175.05,175.05,175.05,175.05,175.05,496.9,502.27
O:MSFT251121C00350000,MSFT,2025-11-21,18,350.0,C,,,,,,97,145.5,148.45,146.975,110,118,188.7,1,1,188.7,188.7,188.7,188.7,188.7,496.975,502.27
O:MSFT251121C00355000,MSFT,2025-11-21,18,355.0,C,,,,,,10,140.65,143.3,141.97500000000002,112,97,143.21,1,7,143.2,143.22,143.2,143.21,143.2071,496.975,502.27
O:MSFT251121C00360000,MSFT,2025-11-21,18,360.0,C,,,,,,25,135.55,138.7,137.125,109,108,156.57,1,1,156.57,156.57,156.57,156.57,156.57,497.125,502.27
O:MSFT251121C00365000,MSFT,2025-11-21,18,365.0,C,,,,,,19,130.5,133.75,132.125,108,108,148.98,1,1,148.98,148.98,148.98,148.98,148.98,497.125,502.27
O:MSFT251121C00370000,MSFT,2025-11-21,18,370.0,C,,,,,,4,125.55,128.5,127.025,106,105,148.83,10,10,148.83,148.83,148.83,148.83,148.83,497.025,502.27
O:MSFT251121C00375000,MSFT,2025-11-21,18,375.0,C,,,,,,6,120.55,123.75,122.15,107,107,144.25,1,2,144.25,144.25,144.25,144.25,144.25,497.15,502.27
O:MSFT251121C00380000,MSFT,2025-11-21,18,380.0,C,,,,,,8,115.6,118.75,117.175,106,106,139.89,3,4,137.6,139.89,137.6,139.89,139.3175,497.175,502.27
O:MSFT251121C00385000,MSFT,2025-11-21,18,385.0,C,,,,,,22,110.6,113.8,112.19999999999999,108,106,113.57,6,6,113.57,113.57,113.57,113.57,113.57,497.2,502.27
O:MSFT251121C00390000,MSFT,2025-11-21,18,390.0,C,,,,,,36,105.9,108.25,107.075,110,28,105.9,1,1,105.9,105.9,105.9,105.9,105.9,497.075,502.27
O:MSFT251121C00395000,MSFT,2025-11-21,18,395.0,C,,,,,,17,100.7,103.75,102.225,113,113,103.42,2,3,102.98,103.42,102.98,103.42,103.2733,497.225,502.27
O:MSFT251121C00400000,MSFT,2025-11-21,18,400.0,C,,,,,,176,95.6,98.7,97.15,148,142,96.9,1,7,95.45,96.9,95.45,96.9,95.6571,497.15,502.27
O:MSFT251121C00405000,MSFT,2025-11-21,18,405.0,C,,,,,,181,90.65,93.6,92.125,145,147,118.5,1,1,118.5,118.5,118.5,118.5,118.5,497.125,502.27
O:MSFT251121C00410000,MSFT,2025-11-21,18,410.0,C,,,,,,86,85.7,88.8,87.25,110,110,85.39,1,1,85.39,85.39,85.39,85.39,85.39,497.25,502.27
O:MSFT251121C00415000,MSFT,2025-11-21,18,415.0,C,,,,,,99,80.7,83.5,82.1,112,75,86,1,2,87.48,87.48,86,86,86.74,497.1,502.27
O:MSFT251121C00420000,MSFT,2025-11-21,18,420.0,C,,,,,,135,75.85,78.75,77.3,148,148,75.41,2,21,76.41,76.41,75.4,75.41,75.4514,497.3,502.27
O:MSFT251121C00425000,MSFT,2025-11-21,18,425.0,C,,,,,,122,71.7,73.2,72.45,151,23,71.26,1,6,71.05,71.26,70.42,71.26,70.6883,497.45,502.27
O:MSFT251121C00430000,MSFT,2025-11-21,18,430.0,C,,,,,,84,65.8,68.85,67.32499999999999,111,111,65.65,1,2,67.85,67.85,65.65,65.65,66.75,497.325,502.27
O:MSFT251121C00435000,MSFT,2025-11-21,18,435.0,C,,,,,,182,60.9,64.1,62.5,137,140,61.25,1,3,61.1,61.66,61.1,61.25,61.3367,497.5,502.27
O:MSFT251121C00440000,MSFT,2025-11-21,18,440.0,C,,,,,,274,55.9,59.1,57.5,150,151,55.95,1,3,55.7,55.95,55.7,55.95,55.7967,497.5,502.27
O:MSFT251121C00445000,MSFT,2025-11-21,18,445.0,C,,,,,,171,51,54.15,52.575,135,135,51.44,1,6,51.06,51.85,51.06,51.44,51.2667,497.575,502.27
O:MSFT251121C00450000,MSFT,2025-11-21,18,450.0,C,,,,,,571,47.05,48.75,47.9,122,22,47,1,11,49.77,49.77,45,47,46.3173,497.9,502.27
O:MSFT251121C00455000,MSFT,2025-11-21,18,455.0,C,,,,,,164,41.6,44.5,43.05,133,135,40.6,1,5,43.05,43.05,40.6,40.6,42.56,498.05,502.27
O:MSFT251121C00460000,MSFT,2025-11-21,18,460.0,C,,,,,,368,37.95,38.85,38.400000000000006,19,27,39.39,1,30,37.93,39.39,36.45,39.39,37.4563,498.4,502.27
O:MSFT251121C00465000,MSFT,2025-11-21,18,465.0,C,,,,,,150,33.35,34.45,33.900000000000006,13,18,33.8,8,67,34.21,35.9,31.79,33.8,33.4348,498.9,502.27
O:MSFT251121C00470000,MSFT,2025-11-21,18,470.0,C,,,,,,1258,28.7,29.55,29.125,46,48,29.78,3,99,29.09,29.78,27.45,29.78,28.8805,499.125,502.27
O:MSFT251121C00475000,MSFT,2025-11-21,18,475.0,C,,,,,,443,24.35,25.15,24.75,34,35,24.62,17,118,26.59,26.59,22.61,24.62,24.2772,499.75,502.27
O:MSFT251121C00480000,MSFT,2025-11-21,18,480.0,C,,,,,,1122,20.45,20.7,20.575,5,1,20.31,1,48,20.03,21.15,18.85,20.31,19.594,500.575,502.27
O:MSFT251121C00485000,MSFT,2025-11-21,18,485.0,C,,,,,,747,16.65,16.85,16.75,10,6,16.79,17,103,16.14,16.79,14.75,16.79,15.9133,501.75,502.27
O:MSFT251121C00490000,MSFT,2025-11-21,18,490.0,C,0.9923877556751337,0.0036223468466379657,-0.045573996581781934,0.015758841432256122,,1111,13.2,13.4,13.3,2,36,13.35,1,928,14.85,14.85,11.7,13.35,12.7935,503.3,502.27
O:MSFT251121C00495000,MSFT,2025-11-21,18,495.0,C,0.750944304171501,0.025451198783226884,-0.20403846529991101,0.30008450047126345,,1210,10.1,10.3,10.2,2,1,10.05,1,1243,11.1,12.17,8.99,10.05,9.7601,505.2,502.27
O:MSFT251121C00497500,MSFT,2025-11-21,18,497.5,C,0.6675208215743046,0.026493277491636505,-0.2516133331075489,0.30424718651220134,,429,8.8,9,8.9,1,28,8.94,1,858,9.8,10.77,7.9,8.94,8.4758,506.4,502.27
O:MSFT251121C00500000,MSFT,2025-11-21,18,500.0,C,0.5939779888178883,0.02653543915588625,-0.27238510245077335,0.35104726555951066,,3350,7.6,7.8,7.699999999999999,2,10,7.7,1,2906,8.7,9.2,6.75,7.7,7.5866,507.7,502.27
O:MSFT251121C00502500,MSFT,2025-11-21,18,502.5,C,0.5262451168745095,0.025957843892233396,-0.296294700055963,0.35397360568443453,,417,6.55,6.7,6.625,12,13,6.64,17,431,7.4,8.15,5.83,6.64,6.8158,509.125,502.27
O:MSFT251121C00505000,MSFT,2025-11-21,18,505.0,C,0.4644786936203922,0.024874891117705057,-0.2976063967940961,0.3565569181060009,,2053,5.6,5.75,5.675,9,32,5.7,5,1774,6.2,7.2,4.9,5.7,5.5086,510.675,502.27
O:MSFT251121C00507500,MSFT,2025-11-21,18,507.5,C,0.4064990498383653,0.023603685790645663,-0.29826600815520343,0.35893518644758393,,717,4.75,4.85,4.8,10,16,4.83,15,941,5.7,5.95,4.18,4.83,4.6696,512.3,502.27
O:MSFT251121C00510000,MSFT,2025-11-21,18,510.0,C,0.35458509204040645,0.0220558278694952,-0.294512467300806,0.3159898080378845,,4827,4,4.1,4.05,27,27,4.08,1,7896,4.68,5.35,3.53,4.08,3.8868,514.05,502.27
O:MSFT251121C00512500,MSFT,2025-11-21,18,512.5,C,0.30674810551969783,0.02030418290700374,-0.2779987706644631,0.3179239551085193,,671,3.35,3.45,3.4000000000000004,38,5,3.19,2,399,4.05,4.55,3.01,3.19,3.341,515.9,502.27
O:MSFT251121C00515000,MSFT,2025-11-21,18,515.0,C,0.2640228374080674,0.018462619001743515,-0.2671174902202696,0.31960559314128306,,18945,2.8,2.9,2.8499999999999996,11,34,2.88,1,1904,3.48,3.91,2.51,2.88,2.7615,517.85,502.27
O:MSFT251121C00517500,MSFT,2025-11-21,18,517.5,C,0.22329871855650624,0.01676481205466786,-0.2447623949563159,0.24584369326752387,,947,2.18,2.42,2.3,19,2,2.21,1,237,2.91,3.2,2.19,2.21,2.5113,519.8,502.27
O:MSFT251121C00520000,MSFT,2025-11-21,18,520.0,C,0.19351417932467382,0.014856594274172689,-0.22885342080809729,0.24699698430780148,,9109,1.94,2.03,1.9849999999999999,44,34,2,1,3194,2.5,2.82,1.76,2,2.037,521.985,502.27
O:MSFT251121C00522500,MSFT,2025-11-21,18,522.5,C,0.16534348030450105,0.013130765931170114,-0.21294456147367205,0.24808192476141863,,889,1.64,1.7,1.67,10,16,1.6,1,186,2.43,2.43,1.53,1.6,1.6978,524.17,502.27
O:MSFT251121C00525000,MSFT,2025-11-21,18,525.0,C,0.14086891675037225,0.011581889969997546,-0.19944966613313467,0.16602501716666482,,7783,1.37,1.42,1.395,47,13,1.4,1,2450,1.73,2.02,1.28,1.4,1.4113,526.395,502.27
O:MSFT251121C00527500,MSFT,2025-11-21,18,527.5,C,0.12035246063777234,0.010161022548667012,-0.17789157681942122,0.16683624856891346,,648,1.15,1.2,1.1749999999999998,11,19,1.23,4,126,1.72,1.72,1.09,1.23,1.23,528.675,502.27
O:MSFT251121C00530000,MSFT,2025-11-21,18,530.0,C,0.10182622583174944,0.008833605569906425,-0.15922679951655716,0.16756031873441432,,10949,0.96,1,0.98,38,36,0.91,1312,4822,1.33,1.5,0.9,0.91,0.9846,530.98,502.27
O:MSFT251121C00532500,MSFT,2025-11-21,18,532.5,C,0.08690398902762736,0.007681749764029139,-0.1457700027704932,0.16813227314283044,,962,0.81,0.85,0.8300000000000001,19,39,0.77,1,710,1.18,1.18,0.77,0.77,0.8621,533.33,502.27
O:MSFT251121C00535000,MSFT,2025-11-21,18,535.0,C,0.07479432282299583,0.006708813882429811,-0.13578522313197788,0.16859418234928225,,6773,0.69,0.73,0.71,42,41,0.69,1,1574,0.97,1.07,0.68,0.69,0.7544,535.71,502.27
O:MSFT251121C00540000,MSFT,2025-11-21,18,540.0,C,0.05643352987674163,0.005135902504090332,-0.11074382573173187,0.09831699520752492,,6667,0.52,0.55,0.535,19,40,0.52,1,852,0.6,0.73,0.49,0.52,0.5662,540.535,502.27
O:MSFT251121C00545000,MSFT,2025-11-21,18,545.0,C,0.04258626023751999,0.003913639453951879,-0.09244135752662613,0.09887300341823328,,4872,0.39,0.42,0.405,24,33,0.4,1,254,0.52,0.59,0.4,0.4,0.448,545.405,502.27
O:MSFT251121C00550000,MSFT,2025-11-21,18,550.0,C,0.032590975389769676,0.003022737841272774,-0.07884628625361884,0.04967384014424385,,12638,0.3,0.32,0.31,28,42,0.32,1,2060,0.4,0.43,0.3,0.32,0.3544,550.31,502.27
O:MSFT251121C00555000,MSFT,2025-11-21,18,555.0,C,0.025530404455930193,0.0023635542047507575,-0.0653378281891608,0.049969050803412865,,4015,0.23,0.26,0.245,10,33,0.24,4,619,0.31,0.32,0.23,0.24,0.2789,555.245,502.27
O:MSFT251121C00560000,MSFT,2025-11-21,18,560.0,C,0.02007689457969764,0.001849595678600017,-0.05516926563014418,0.05021212379656245,,9129,0.18,0.21,0.195,31,45,0.21,1,464,0.25,0.26,0.19,0.21,0.2324,560.195,502.27
O:MSFT251121C00565000,MSFT,2025-11-21,18,565.0,C,0.01699433646854649,0.0015266641180217198,-0.05056714978581792,0.050382927304878755,,10448,0.16,0.18,0.16999999999999998,1,36,0.17,7,365,0.17,0.22,0.15,0.17,0.1895,565.17,502.27
O:MSFT251121C00570000,MSFT,2025-11-21,18,570.0,C,0.013455472494648431,0.0012115558835641706,-0.04366887725647731,0.021677117432673115,,5095,0.12,0.15,0.135,44,56,0.15,1,226,0.15,0.18,0.13,0.15,0.1542,570.135,502.27
O:MSFT251121C00575000,MSFT,2025-11-21,18,575.0,C,0.011274348289366177,0.001001405491592942,-0.03806702906821455,0.02178272008855282,,5484,0.1,0.13,0.115,55,53,0.13,1,73,0.12,0.16,0.09,0.13,0.1123,575.115,502.27
O:MSFT251121C00580000,MSFT,2025-11-21,18,580.0,C,0.009983376641698504,0.0008614841383479194,-0.03540458616622381,0.021863330757518343,,3601,0.09,0.12,0.105,70,90,0.12,1,72,0.08,0.12,0.07,0.12,0.1106,580.105,502.27
O:MSFT251121C00585000,MSFT,2025-11-21,18,585.0,C,0.00802631463316781,0.0006908109969853016,-0.029802686910347608,0.02196467611564331,,7804,0.07,0.1,0.085,39,77,0.1,1,62,0.07,0.11,0.07,0.1,0.08387,585.085,502.27
O:MSFT251121C00590000,MSFT,2025-11-21,18,590.0,C,0.007309750994967286,0.0006095425690094426,-0.028609855318653933,0.022032778728068567,,2765,0.07,0.09,0.08,1,10,0.08,1,55,0.06,0.09,0.05,0.08,0.08073,590.08,502.27
O:MSFT251121C00595000,MSFT,2025-11-21,18,595.0,C,0.005913462223027552,0.0004929776126120907,-0.024477578898626833,0.022121096024884143,,812,0.05,0.08,0.065,143,108,0.07,10,21,0.05,0.08,0.05,0.07,0.06286,595.065,502.27
O:MSFT251121C00600000,MSFT,2025-11-21,18,600.0,C,0.004962624807227739,0.0004114024100743241,-0.02181493903022038,0.022198946478125526,,8746,0.04,0.07,0.05500000000000001,149,122,0.06,10,267,0.04,0.08,0.03,0.06,0.04757,600.055,502.27
O:MSFT251121C00605000,MSFT,2025-11-21,18,605.0,C,0.004786143706276198,0.0003825321767356633,-0.02209156185331717,0.022258989562663926,,3087,0.04,0.07,0.05500000000000001,93,139,0.06,1,1078,0.04,0.06,0.03,0.06,0.05404,605.055,502.27
O:MSFT251121C00610000,MSFT,2025-11-21,18,610.0,C,0.003921944598165415,0.0003146640840670289,-0.01851017051280346,0.008134436869612108,,597,0.03,0.06,0.045,15,85,0.04,2,3,0.02,0.04,0.02,0.04,0.03333,610.045,502.27
O:MSFT251121C00615000,MSFT,2025-11-21,18,615.0,C,0.0037930062819264625,0.00029421018482616435,-0.018578109703996048,0.008158846966478749,,1603,0.03,0.06,0.045,54,66,0.04,10,11,0.03,0.04,0.03,0.04,0.03909,615.045,502.27
O:MSFT251121C00620000,MSFT,2025-11-21,18,620.0,C,0.0029707920513321385,0.00023282374565479432,-0.014875056158127807,0.008199696713113318,,2197,0.02,0.05,0.035,71,67,0.04,1,55,0.01,0.04,0.01,0.04,0.024,620.035,502.27
O:MSFT251121C00625000,MSFT,2025-11-21,18,625.0,C,0.0028797423767573985,0.00021870704091500525,-0.01494295711303714,0.008223800407267392,,682,0.02,0.05,0.035,40,59,0.03,5,547,0.02,0.03,0.01,0.03,0.0117,625.035,502.27
O:MSFT251121C00630000,MSFT,2025-11-21,18,630.0,C,0.002795228894566235,0.00020599706124389597,-0.01501082869740963,0.008248241854625239,,1142,0.02,0.05,0.035,31,81,0.01,1,478,0.02,0.03,0.01,0.01,0.02992,630.035,502.27
O:MSFT251121C00635000,MSFT,2025-11-21,18,635.0,C,0.0020351596310456605,0.00015363799172653827,-0.011307761782705242,0.008287660419080417,,955,0.01,0.04,0.025,49,49,0.01,1,1,0.01,0.01,0.01,0.01,0.01,635.025,502.27
O:MSFT251121C00640000,MSFT,2025-11-21,18,640.0,C,0.001979964092269226,0.00014537626759355263,-0.011375588219396883,0.00831187060989097,,314,0.01,0.04,0.025,31,42,0.04,4,5,0.03,0.04,0.03,0.04,0.038,640.025,502.27
O:MSFT251121C00645000,MSFT,2025-11-21,18,645.0,C,0.001928438618690291,0.00013786774238015758,-0.011443378643356915,0.008336373037070539,,259,0.01,0.04,0.025,38,56,0.03,1,1,0.03,0.03,0.03,0.03,0.03,645.025,502.27
O:MSFT251121C00650000,MSFT,2025-11-21,18,650.0,C,0.0012179001995843875,9.218064352040207e-05,-0.007514853053251626,0.002551076289958912,,957,0.01,0.02,0.015,17,41,0.01,3,40,0.01,0.01,0.01,0.01,0.01,650.015,502.27
O:MSFT251121C00655000,MSFT,2025-11-21,18,655.0,C,0.0018350300570310226,0.0001247575677687825,-0.011578847741569922,0.008386131175030214,,86,0,0.04,,0,57,0.02,10,10,0.02,0.02,0.02,0.02,0.02,655.02,502.27
O:MSFT251121C00660000,MSFT,2025-11-21,18,660.0,C,0.001792566206350249,0.0001190113958826154,-0.01164652470710024,0.008411316805969078,,347,0,0.03,,0,23,0.01,5,15,0.02,0.02,0.01,0.01,0.01333,660.015,502.27
O:MSFT251121C00665000,MSFT,2025-11-21,18,665.0,C,0.0014496727806722863,9.754378742182436e-05,-0.009828804091226844,0.00844241257155436,,183,0,0.03,,0,55,0.03,2,2,0.03,0.03,0.03,0.03,0.03,665.015,502.27
O:MSFT251121C00670000,MSFT,2025-11-21,18,670.0,C,0.0014189122287064518,9.340812842235398e-05,-0.009896413904795507,0.008467674094341404,,64,0,0.03,,0,55,0.03,1,2,0.01,0.03,0.01,0.03,0.02,670.015,502.27
O:MSFT251121C00675000,MSFT,2025-11-21,18,675.0,C,0.0013898741361592505,8.958429782438352e-05,-0.00994505468735507,0.002584986646560733,,98,0,0.03,,0,57,0.01,1,1,0.01,0.01,0.01,0.01,0.01,675.015,502.27
O:MSFT251121C00680000,MSFT,2025-11-21,18,680.0,C,0.001362296648376949,8.602639539283184e-05,-0.009958933079455733,0.002593130643654193,,142,0,0.03,,0,34,0.02,2,3,0.02,0.02,0.02,0.02,0.02,680.015,502.27
O:MSFT251121C00685000,MSFT,2025-11-21,18,685.0,C,0.0018857954359379466,0.00010927084827563244,-0.01386958680760207,0.008534639320398569,,193,0,0.03,,0,27,0.01,1,1,0.01,0.01,0.01,0.01,0.01,685.015,502.27
O:MSFT251121C00690000,MSFT,2025-11-21,18,690.0,C,0.0015835256362728414,9.267026229051038e-05,-0.012051733901755374,0.008565275868828824,,25,0,0.03,,0,40,0.02,1,1,0.02,0.02,0.02,0.02,0.02,690.015,502.27
O:MSFT251121C00695000,MSFT,2025-11-21,18,695.0,C,0.0012871160481910686,7.669292387906508e-05,-0.010000514127684821,0.00261757299624292,,286,0,0.03,,0,21,0.01,1,20,0.01,0.01,0.01,0.01,0.01,695.015,502.27
O:MSFT251121C00700000,MSFT,2025-11-21,18,700.0,C,0.0012642905820319328,7.396516544009968e-05,-0.010014356107629631,0.002625716398743483,,1655,0,0.02,,0,55,0.01,37,37,0.01,0.01,0.01,0.01,0.01,700.01,502.27
O:MSFT251121P00260000,MSFT,2025-11-21,18,260.0,P,-0.00048265726277143633,1.580009239349103e-05,-0.007733375188279824,0.001530222684568335,,276,0,0.02,,0,40,0.02,2,2,0.02,0.02,0.02,0.02,0.02,259.99,502.27
O:MSFT251121P00265000,MSFT,2025-11-21,18,265.0,P,-0.0008971255111220073,2.7281350708634075e-05,-0.014429466687112617,0.005081842776488205,,40,0,0.02,,0,40,0.02,1,1,0.02,0.02,0.02,0.02,0.02,264.99,502.27
O:MSFT251121P00270000,MSFT,2025-11-21,18,270.0,P,-0.0009220750319171153,2.8767665610155555e-05,-0.014366670331813042,0.0051294276971916505,,22,0,0.02,,0,50,0.03,2,2,0.03,0.03,0.03,0.03,0.03,269.99,502.27
O:MSFT251121P00275000,MSFT,2025-11-21,18,275.0,P,-0.0006732131777583452,2.2939925030367316e-05,-0.01005436537031058,0.0015742923117475591,,97,0,0.02,,0,40,0.04,5,100,0.04,0.04,0.04,0.04,0.04,274.99,502.27
O:MSFT251121P00280000,MSFT,2025-11-21,18,280.0,P,-0.0006923989902310812,2.422623298715047e-05,-0.010041410316331862,0.0015883954315522478,,61,0,0.02,,0,40,0.04,1,58,0.04,0.04,0.04,0.04,0.04,279.99,502.27
O:MSFT251121P00285000,MSFT,2025-11-21,18,285.0,P,-0.0010028266759472668,3.384516665252854e-05,-0.014176204358212567,0.005268652688081492,,149,0,0.02,,0,34,0.02,1,1,0.02,0.02,0.02,0.02,0.02,284.99,502.27
O:MSFT251121P00290000,MSFT,2025-11-21,18,290.0,P,-0.0007330033227391678,2.7063760322881655e-05,-0.010015291091492079,0.0016160976051963199,,49,0,0.02,,0,40,0.02,1,1,0.02,0.02,0.02,0.02,0.02,289.99,502.27
O:MSFT251121P00295000,MSFT,2025-11-21,18,295.0,P,-0.0007545181877107698,2.863069523179367e-05,-0.010002134503643501,0.0016297024596956295,,106,0,0.02,,0,21,0.03,5,5,0.03,0.03,0.03,0.03,0.03,294.99,502.27
O:MSFT251121P00300000,MSFT,2025-11-21,18,300.0,P,-0.0007769125514861896,3.0308346558903223e-05,-0.009988918316853437,0.001643143584946833,,45,0,0.02,,0,32,0.01,5,5,0.01,0.01,0.01,0.01,0.01,299.99,502.27
O:MSFT251121P00305000,MSFT,2025-11-21,18,305.0,P,-0.0008002454283285785,3.210693376478903e-05,-0.009975645347281903,0.0016564225905109217,,17,0,0.02,,0,40,0.01,1,1,0.01,0.01,0.01,0.01,0.01,304.99,502.27
O:MSFT251121P00310000,MSFT,2025-11-21,18,310.0,P,-0.0008245812131493564,3.403787534782765e-05,-0.009962321891560376,0.001669584133579523,,126,0,0.02,,0,42,0.01,1,1,0.01,0.01,0.01,0.01,0.01,309.99,502.27
O:MSFT251121P00315000,MSFT,2025-11-21,18,315.0,P,-0.0008499901224777697,3.611394157817276e-05,-0.00994895337769483,0.0016830674252114755,,14,0,0.02,,0,40,0.01,3,3,0.01,0.01,0.01,0.01,0.01,314.99,502.27
O:MSFT251121P00320000,MSFT,2025-11-21,18,320.0,P,-0.0008765595880387698,3.835046794570614e-05,-0.009935724032436406,0.0017002550333630436,,19,0,0.02,,0,43,0.02,3,3,0.02,0.02,0.02,0.02,0.02,319.99,502.27
O:MSFT251121P00325000,MSFT,2025-11-21,18,325.0,P,-0.0007084877794270712,3.335450915290479e-05,-0.0075618162168326515,0.001705748669315593,,215,0,0.03,,0,51,0.01,1,3,0.03,0.03,0.01,0.01,0.02333,324.985,502.27
O:MSFT251121P00330000,MSFT,2025-11-21,18,330.0,P,-0.0009337614207367138,4.3391304562745254e-05,-0.009820313305000926,0.005651802848359807,,111,0,0.03,,0,27,0.01,1,1,0.01,0.01,0.01,0.01,0.01,329.985,502.27
O:MSFT251121P00335000,MSFT,2025-11-21,18,335.0,P,-0.0009646113354195457,4.623728451003161e-05,-0.009754030134527554,0.005691574729935383,,269,0.01,0.03,0.02,40,34,0.02,1,1,0.02,0.02,0.02,0.02,0.02,334.98,502.27
O:MSFT251121P00340000,MSFT,2025-11-21,18,340.0,P,-0.0012051123296449263,5.760228207012613e-05,-0.01157262269457201,0.005733056983347811,,60,0,0.03,,0,40,0.02,3,3,0.02,0.02,0.02,0.02,0.02,339.985,502.27
O:MSFT251121P00345000,MSFT,2025-11-21,18,345.0,P,-0.0010316180095215185,5.2725685763985014e-05,-0.009620980633231161,0.005769258643600276,,128,0.01,0.03,0.02,16,24,0.05,1,173,0.01,0.06,0.01,0.05,0.04382,344.98,502.27
O:MSFT251121P00350000,MSFT,2025-11-21,18,350.0,P,-0.0012915541131366503,6.594429514629966e-05,-0.01143936743617027,0.005809925289636516,,473,0.01,0.04,0.025,76,55,0.03,10,10,0.03,0.03,0.03,0.03,0.03,349.975,502.27
O:MSFT251121P00355000,MSFT,2025-11-21,18,355.0,P,-0.0013387307858062647,7.073234220881491e-05,-0.011372526590235394,0.005847388032792604,,245,0.01,0.04,0.025,38,53,0.02,2,2,0.02,0.02,0.02,0.02,0.02,354.975,502.27
O:MSFT251121P00360000,MSFT,2025-11-21,18,360.0,P,-0.0016234423048359333,8.64308294215018e-05,-0.01319076078052763,0.0058874179107371695,,94,0.01,0.05,0.030000000000000002,90,90,0.04,1,87,0.04,0.04,0.04,0.04,0.04,359.97,502.27
O:MSFT251121P00365000,MSFT,2025-11-21,18,365.0,P,-0.001923054293067611,0.00010366658281018285,-0.01500893852460805,0.005927227426715461,,192,0.02,0.05,0.035,40,57,0.03,2,2,0.03,0.03,0.03,0.03,0.03,364.965,502.27
O:MSFT251121P00370000,MSFT,2025-11-21,18,370.0,P,-0.0024716070510841254,0.00013277176761345208,-0.018712309364047493,0.00597028810377613,,97,0.03,0.06,0.045,71,83,0.05,2,2,0.05,0.05,0.05,0.05,0.05,369.955,502.27
O:MSFT251121P00375000,MSFT,2025-11-21,18,375.0,P,-0.002570551575569245,0.00014336847064785272,-0.018645137503942127,0.00600626825420458,,356,0.03,0.06,0.045,105,105,0.06,50,50,0.06,0.06,0.06,0.06,0.06,374.955,502.27
O:MSFT251121P00380000,MSFT,2025-11-21,18,380.0,P,-0.0031576623978919085,0.00017657284494560676,-0.02234852937107254,0.006049831702372363,,670,0.04,0.07,0.05500000000000001,114,134,0.08,10,11,0.08,0.08,0.08,0.08,0.08,379.945,502.27
O:MSFT251121P00385000,MSFT,2025-11-21,18,385.0,P,-0.0037662020468524605,0.00021206320982665452,-0.02541876951756353,0.016743722324985322,,94,0.05,0.08,0.065,94,64,0.08,1,39,0.08,0.08,0.08,0.08,0.08,384.935,502.27
O:MSFT251121P00390000,MSFT,2025-11-21,18,390.0,P,-0.0044159950362913526,0.00025192295862071234,-0.02808308919094484,0.016844379571422444,,337,0.06,0.09,0.075,172,90,0.08,2,93,0.09,0.1,0.08,0.08,0.08054,389.925,502.27
O:MSFT251121P00395000,MSFT,2025-11-21,18,395.0,P,-0.004865581925596057,0.0002859431830706092,-0.02927768316209667,0.016939851526657074,,169,0.07,0.09,0.08,2,1,0.08,9,301,0.12,0.12,0.08,0.08,0.08781,394.92,502.27
O:MSFT251121P00400000,MSFT,2025-11-21,18,400.0,P,-0.006362499990043499,0.0003706655525562108,-0.036350175338555536,0.01705192624801321,,6170,0.09,0.12,0.105,58,70,0.12,1,59,0.11,0.14,0.11,0.12,0.1273,399.895,502.27
O:MSFT251121P00405000,MSFT,2025-11-21,18,405.0,P,-0.00767939485756722,0.0004517981334858407,-0.04195308780157688,0.01715993252756175,,280,0.11,0.14,0.125,51,69,0.14,1,2,0.16,0.16,0.14,0.14,0.15,404.875,502.27
O:MSFT251121P00410000,MSFT,2025-11-21,18,410.0,P,-0.009068533655915478,0.0005412540718307916,-0.04755604785129098,0.017268513454901612,,251,0.13,0.16,0.14500000000000002,28,33,0.16,9,37,0.19,0.19,0.16,0.16,0.1608,409.855,502.27
O:MSFT251121P00415000,MSFT,2025-11-21,18,415.0,P,-0.011024314673024647,0.0006604729392194659,-0.05531774520491566,0.04055355782094359,,822,0.16,0.19,0.175,51,81,0.19,1,35,0.16,0.22,0.16,0.19,0.2046,414.825,502.27
O:MSFT251121P00420000,MSFT,2025-11-21,18,420.0,P,-0.013121376096797017,0.0007952713389530835,-0.06103615734226862,0.04077754305273087,,6370,0.19,0.22,0.20500000000000002,47,47,0.2,1,22,0.22,0.25,0.2,0.2,0.2309,419.795,502.27
O:MSFT251121P00425000,MSFT,2025-11-21,18,425.0,P,-0.015910996117721534,0.0009729796088771301,-0.06898051529807758,0.04101098238893644,,592,0.23,0.26,0.245,49,49,0.27,1,5,0.3,0.33,0.27,0.27,0.3,424.755,502.27
O:MSFT251121P00430000,MSFT,2025-11-21,18,430.0,P,-0.019430523879286368,0.001197778241221628,-0.07915119900446276,0.04125637501728115,,2541,0.28,0.31,0.29500000000000004,76,81,0.29,1,266,0.32,0.36,0.29,0.29,0.3106,429.705,502.27
O:MSFT251121P00435000,MSFT,2025-11-21,18,435.0,P,-0.0234501642313134,0.0014620936095595383,-0.0904356871266976,0.04151145586005032,,2052,0.34,0.36,0.35,65,65,0.36,40,763,0.41,0.46,0.36,0.36,0.3994,434.65,502.27
O:MSFT251121P00440000,MSFT,2025-11-21,18,440.0,P,-0.0287211090066487,0.0017961014558587655,-0.10470826475860294,0.08354697703035228,,6483,0.41,0.44,0.425,69,47,0.42,1,48,0.48,0.58,0.42,0.42,0.505,439.575,502.27
O:MSFT251121P00445000,MSFT,2025-11-21,18,445.0,P,-0.03544748490133333,0.0022190120032322086,-0.11730058395586977,0.0840074060588132,,2241,0.51,0.53,0.52,65,43,0.52,1,53,0.62,0.73,0.5,0.52,0.6389,444.48,502.27
O:MSFT251121P00450000,MSFT,2025-11-21,18,450.0,P,-0.0445550868161281,0.0027770882325014526,-0.13560747578375487,0.08451895949736972,,2702,0.64,0.66,0.65,66,36,0.69,4,369,0.8,0.93,0.6,0.69,0.7819,449.35,502.27
O:MSFT251121P00455000,MSFT,2025-11-21,18,455.0,P,-0.05625022344141972,0.003473192353226046,-0.16045176994406746,0.08513798248063857,,1431,0.8,0.84,0.8200000000000001,37,12,0.89,1,312,0.92,1.18,0.82,0.89,0.9193,454.18,502.27
O:MSFT251121P00460000,MSFT,2025-11-21,18,460.0,P,-0.07226545668265318,0.004343551736278211,-0.18791999742312127,0.14795202094135357,,2116,1.04,1.1,1.07,102,27,1.11,4,224,1.2,1.52,1.06,1.11,1.2479,458.93,502.27
O:MSFT251121P00465000,MSFT,2025-11-21,18,465.0,P,-0.09273216655218973,0.005419831200303856,-0.2171615504183643,0.1489346943615163,,2483,1.37,1.41,1.3900000000000001,26,32,1.46,2,337,1.68,2,1.3,1.46,1.6493,463.61,502.27
O:MSFT251121P00470000,MSFT,2025-11-21,18,470.0,P,-0.12019071350474855,0.006705947406062324,-0.2632558283080469,0.15055033928543224,,2537,1.83,1.88,1.855,39,4,1.9,5,407,2.05,2.67,1.71,1.9,2.2621,468.145,502.27
O:MSFT251121P00475000,MSFT,2025-11-21,18,475.0,P,-0.15567858499999507,0.008138307400221794,-0.29994378858229076,0.22679200213854084,,4191,2.48,2.54,2.51,14,2,2.59,1,1400,2.87,3.53,2.31,2.59,2.6812,472.49,502.27
O:MSFT251121P00480000,MSFT,2025-11-21,18,480.0,P,-0.2001316910028693,0.009667774221674107,-0.3526934686997251,0.22884324003926587,,6352,3.35,3.45,3.4000000000000004,42,47,3.51,1,2886,3.91,4.7,3.1,3.51,3.8402,476.6,502.27
O:MSFT251121P00485000,MSFT,2025-11-21,18,485.0,P,-0.252829632255844,0.011072360796328897,-0.3952453071005608,0.30137858196566397,,5684,4.55,4.65,4.6,12,9,4.56,1,842,5.12,6.4,4.23,4.56,5.4039,480.4,502.27
O:MSFT251121P00490000,MSFT,2025-11-21,18,490.0,P,-0.3138887620572588,0.012243872105338695,-0.4439713361243841,0.3039661018958531,,6088,6.1,6.25,6.175,21,9,5.78,1,1689,6.86,8.25,5.7,5.78,7.0869,483.825,502.27
O:MSFT251121P00495000,MSFT,2025-11-21,18,495.0,P,-0.3792021132270236,0.012930691548846908,-0.47921231732413166,0.35008229980731687,,4032,8.1,8.3,8.2,28,2,8.25,10,1192,8.85,10.65,7.79,8.25,9.197,486.8,502.27
O:MSFT251121P00497500,MSFT,2025-11-21,18,497.5,P,-0.41385610056693195,0.012910698998721819,-0.4997903071284295,0.3514952933122835,,938,9.3,9.8,9.55,34,36,9.61,2,207,9.35,11.9,9.2,9.61,10.1466,487.95,502.27
O:MSFT251121P00500000,MSFT,2025-11-21,18,500.0,P,-0.4467951148048104,0.012989772941607669,-0.515971245433985,0.3528478658233857,,8879,10.65,10.95,10.8,10,10,10.42,2,654,11.38,13.32,10.19,10.42,11.9048,489.2,502.27
O:MSFT251121P00502500,MSFT,2025-11-21,18,502.5,P,-0.4790046504218113,0.01296444296787782,-0.5364916651097593,0.3541406434298098,,738,12.05,12.25,12.15,14,3,11.48,1,1927,11.82,14.8,11.48,11.48,13.8596,490.35,502.27
O:MSFT251121P00505000,MSFT,2025-11-21,18,505.0,P,-0.5098683382347136,0.01269990651252346,-0.5382844398089318,0.35544279754490793,,3344,13.6,13.85,13.725,13,2,14.2,6,2000,14.2,16.53,13.1,14.2,15.4464,491.275,502.27
O:MSFT251121P00507500,MSFT,2025-11-21,18,507.5,P,-0.5411977878694874,0.012662708372266133,-0.5267281720617436,0.3566094810632608,,1277,14.65,15.5,15.075,9,3,14.74,1,57,16,17.57,14.74,14.74,16.7144,492.425,502.27
O:MSFT251121P00510000,MSFT,2025-11-21,18,510.0,P,-0.565673092208392,0.011718632301684209,-0.5595865252240225,0.35772293481831974,,5652,17,17.85,17.425,9,32,17.05,1,348,16.7,20.13,16.7,17.05,18.9318,492.575,502.27
O:MSFT251121P00512500,MSFT,2025-11-21,18,512.5,P,-0.593835220564016,0.011525076660345746,-0.5569557169413123,0.35855346292497037,,765,18.85,19.1,18.975,10,1,18.94,3,35,18.46,21.8,18.3,18.94,20.3129,493.525,502.27
O:MSFT251121P00515000,MSFT,2025-11-21,18,515.0,P,-0.6136463589139959,0.010765257305867719,-0.5886368293701572,0.3591954953028545,,3514,20.85,21.75,21.3,6,13,21.42,1,259,21.97,23.6,21.12,21.42,22.5526,493.7,502.27
O:MSFT251121P00517500,MSFT,2025-11-21,18,517.5,P,-0.6359741845621051,0.010369909841214945,-0.5903862014485945,0.31584480423471506,,1777,22.6,23.8,23.200000000000003,42,62,22.91,1,23,22.85,25.71,22.2,22.91,24.1152,494.3,502.27
O:MSFT251121P00520000,MSFT,2025-11-21,18,520.0,P,-0.6588069035914809,0.010049228634184736,-0.5710510189672666,0.31685038883495253,,4740,24.6,25.4,25.0,45,28,25.29,1,90,24.32,28.5,24,25.29,26.4856,495,502.27
O:MSFT251121P00522500,MSFT,2025-11-21,18,522.5,P,-0.6720935163745064,0.009375560918606274,-0.5896861738703794,0.3176486108023824,,715,26.85,28.1,27.475,45,58,27.07,1,19,26.54,30.61,26.13,27.07,28.3,495.025,502.27
O:MSFT251121P00525000,MSFT,2025-11-21,18,525.0,P,-0.6893657438801017,0.008952503721958905,-0.5872280917868564,0.3183044033091398,,1599,28.95,30.2,29.575,39,53,29.8,3,50,28.7,32.19,28.7,29.8,30.6054,495.425,502.27
O:MSFT251121P00527500,MSFT,2025-11-21,18,527.5,P,-0.7010397720422901,0.008428973161811817,-0.6030205289743318,0.3187734828464776,,415,31.35,32.65,32.0,62,76,32.34,1,8,30.69,33.1,30.69,32.34,32.495,495.5,502.27
O:MSFT251121P00530000,MSFT,2025-11-21,18,530.0,P,-0.7155131003945374,0.008049329199875443,-0.6047564112612357,0.319611313155584,,1650,33.55,34.8,34.175,25,22,34.3,1,101,33.55,37.5,33.25,34.3,35.3177,495.825,502.27
O:MSFT251121P00532500,MSFT,2025-11-21,18,532.5,P,-0.7230541028265819,0.007574536593894964,-0.6289697574112623,0.31985579839110634,,488,35.1,38.4,36.75,129,130,37.15,1,4,34.93,39.4,34.93,37.15,37.3325,495.75,502.27
O:MSFT251121P00535000,MSFT,2025-11-21,18,535.0,P,-0.7268697757860633,0.007100623277331621,-0.6644023857042456,0.32048084088243856,,788,38.15,40.9,39.525,16,124,39.6,15,212,41.45,42.1,39.6,39.6,40.8529,495.475,502.27
O:MSFT251121P00540000,MSFT,2025-11-21,18,540.0,P,-0.7427119378053709,0.006458242361164517,-0.6971050748583252,0.3203604193872514,,2872,43.15,45.65,44.4,44,150,45.56,1,77,45.25,46.28,44.6,45.56,45.8906,495.6,502.27
O:MSFT251121P00545000,MSFT,2025-11-21,18,545.0,P,-0.7594639867479689,0.005953904319930389,-0.7068033082145654,0.24799898174287013,,363,47.65,50.5,49.075,104,135,49.57,1,17,49.44,51.16,49.44,49.57,50.3453,495.925,502.27
O:MSFT251121P00550000,MSFT,2025-11-21,18,550.0,P,-0.7708661133477033,0.005481070908021329,-0.7193035243664262,0.24895940840517053,,1192,52.55,55.45,54.0,102,140,54.45,3,25,53.25,55,52.68,54.45,54.1048,496,502.27
O:MSFT251121P00555000,MSFT,2025-11-21,18,555.0,P,-0.784582358038072,0.0050928256212816395,-0.7137976186917618,0.2496961844215476,,178,57.1,60.3,58.7,138,131,57.63,5,5,57.63,57.63,57.63,57.63,57.63,496.3,502.27
O:MSFT251121P00560000,MSFT,2025-11-21,18,560.0,P,-0.7930937495414692,0.004728579435888159,-0.7302261571048272,0.25075507041010625,,143,62.05,65.3,63.675,127,125,49.8,1,33,45.37,49.8,45.37,49.8,48.377,496.325,502.27
O:MSFT251121P00565000,MSFT,2025-11-21,18,565.0,P,-0.8000036361675297,0.004409200294932826,-0.7506633700958483,0.2517661163907492,,52,67.15,70.25,68.7,111,124,70.32,1,1,70.32,70.32,70.32,70.32,70.32,496.3,502.27
O:MSFT251121P00570000,MSFT,2025-11-21,18,570.0,P,-0.8088493935256975,0.004135178265733159,-0.757105798293369,0.2528362967285776,,14,71.95,75.15,73.55000000000001,109,110,72.49,1,1,72.49,72.49,72.49,72.49,72.49,496.45,502.27
O:MSFT251121P00575000,MSFT,2025-11-21,18,575.0,P,-0.8114579857781657,0.0038840221834117827,-0.7935148354125425,0.2538073395355156,,2,77.35,80.2,78.775,81,111,78.7,1,1,78.7,78.7,78.7,78.7,78.7,496.225,502.27
O:MSFT251121P00580000,MSFT,2025-11-21,18,580.0,P,-0.8176394289794424,0.0036673116688398736,-0.8078920782409903,0.2544056407653447,,0,82.35,85.1,83.725,77,104,82.5,1,1,82.5,82.5,82.5,82.5,82.5,496.275,502.27
O:MSFT251121P00585000,MSFT,2025-11-21,18,585.0,P,-0.827332924551595,0.0034731167960365557,-0.8002161468474167,0.2548945974760318,,0,86.95,89.85,88.4,110,104,89,1,1,89,89,89,89,89,496.6,502.27
O:MSFT251121P00590000,MSFT,2025-11-21,18,590.0,P,-0.827211127273166,0.003298699670486029,-0.8445718612286094,0.25582207584714184,,0,92.3,95.15,93.725,80,106,75.39,1,1,75.39,75.39,75.39,75.39,75.39,496.275,502.27
O:MSFT251121P00595000,MSFT,2025-11-21,18,595.0,P,-0.8342405114877823,0.003139392223766087,-0.8466719066392556,0.2559860946251284,,0,96.95,100.1,98.525,106,106,73.05,20,20,73.05,73.05,73.05,73.05,73.05,496.475,502.27
O:MSFT251121P00600000,MSFT,2025-11-21,18,600.0,P,-0.8360479885949006,0.002998080011237485,-0.8768673810475079,0.25694078338467746,,0,102.3,105.05,103.675,91,105,70.15,1,7,71.23,71.23,70.15,70.15,70.8471,496.325,502.27
O:MSFT251121P00605000,MSFT,2025-11-21,18,605.0,P,-0.8420446586803929,0.002865158671892062,-0.880741396840434,0.25659541759741783,,0,106.9,110.1,108.5,106,106,67.45,2,2,67.45,67.45,67.45,67.45,67.45,496.5,502.27
O:MSFT251121P00610000,MSFT,2025-11-21,18,610.0,P,-0.8453920585116773,0.0027459210522796534,-0.8984927559095233,0.25467576119846685,,0,111.9,115.1,113.5,107,110,95.26,1,1,95.26,95.26,95.26,95.26,95.26,496.5,502.27
O:MSFT251121P00615000,MSFT,2025-11-21,18,615.0,P,-0.8491696368336851,0.0026350921952026573,-0.906463388568193,0.17478024758558652,,0,116.9,120,118.45,109,109,92.9,110,110,92.9,92.9,92.9,92.9,92.9,496.55,502.27
O:MSFT251121P00620000,MSFT,2025-11-21,18,620.0,P,-0.8507345336628099,0.002537201946152972,-0.9257214914788039,0.17542265300247906,,0,122.25,124.85,123.55,105,106,94.85,170,170,94.85,94.85,94.85,94.85,94.85,496.45,502.27
O:MSFT251121P00625000,MSFT,2025-11-21,18,625.0,P,-0.8547450638775511,0.0024414166437799582,-0.921867281707947,0.1759772697425381,,0,126.8,130.1,128.45,90,90,93.05,1,1,93.05,93.05,93.05,93.05,93.05,496.55,502.27
O:MSFT251121P00630000,MSFT,2025-11-21,18,630.0,P,-0.857311878415627,0.0023546597556501504,-0.9295531898394239,0.1764760216667074,,0,131.8,135.1,133.45,82,81,104.95,20,22,99.5,104.95,99.5,104.95,104.4545,496.55,502.27
O:MSFT251121P00635000,MSFT,2025-11-21,18,635.0,P,-0.859748433576272,0.0022737420969465693,-0.9372032143054227,0.17698657676909949,,0,136.8,140.1,138.45,85,85,94.21,1,2,94.14,94.21,94.14,94.21,94.175,496.55,502.27
O:MSFT251121P00640000,MSFT,2025-11-21,18,640.0,P,-0.8620630232434744,0.0021981456294544654,-0.9448368092332708,0.17763150349211526,,0,141.8,145.1,143.45,80,80,109.5,2,2,109.5,109.5,109.5,109.5,109.5,496.55,502.27
O:MSFT251121P00645000,MSFT,2025-11-21,18,645.0,P,-0.8642634842955685,0.0021273999783577636,-0.9524632934306169,0.1782732523125035,,0,146.8,150.1,148.45,85,85,114.5,2,2,114.5,114.5,114.5,114.5,114.5,496.55,502.27
O:MSFT251121P00650000,MSFT,2025-11-21,18,650.0,P,-0.8663579248106985,0.0020610785987775775,-0.9600826025768032,0.17891144913461532,,0,151.8,155.1,153.45,85,85,136.18,1,2,136.42,136.42,136.18,136.18,136.3,496.55,502.27
O:MSFT251121P00655000,MSFT,2025-11-21,18,655.0,P,-0.8683537018128625,0.001998801841477426,-0.967694675299412,0.1795464117698198,,0,156.8,160.1,158.45,85,85,121.15,1,1,121.15,121.15,121.15,121.15,121.15,496.55,502.27
O:MSFT251121P00660000,MSFT,2025-11-21,18,660.0,P,-0.8702575064602112,0.0019402308253315455,-0.9752994526478983,0.18017860657151197,,0,161.8,165.1,163.45,80,80,,,,,,,,,496.55,502.27
O:MSFT251121P00665000,MSFT,2025-11-21,18,665.0,P,-0.8720754377409029,0.0018850622313189255,-0.982896878937176,0.18080740910836948,,0,166.8,170.1,168.45,80,80,,,,,,,,,496.55,502.27
O:MSFT251121P00670000,MSFT,2025-11-21,18,670.0,P,-0.8738140714698981,0.0018330619103373268,-0.9905070341782596,0.18138922124357404,,0,171.8,175.1,173.45,80,80,143.55,1,1,143.55,143.55,143.55,143.55,143.55,496.55,502.27
O:MSFT251121P00675000,MSFT,2025-11-21,18,675.0,P,-0.875477951585312,0.0017839621166273782,-0.9981195349682149,0.18201161367707822,,0,176.8,180.1,178.45,80,80,148.57,1,1,148.57,148.57,148.57,148.57,148.57,496.55,502.27
O:MSFT251121P00680000,MSFT,2025-11-21,18,680.0,P,-0.8770712599806124,0.0017375231639635649,-1.0057245346920007,0.18263108186619778,,0,181.8,185.1,183.45,80,80,148.67,1,18,148.71,148.71,148.67,148.67,148.6833,496.55,502.27
O:MSFT251121P00685000,MSFT,2025-11-21,18,685.0,P,-0.8785982954406419,0.0016935457760252563,-1.0133219868713426,0.1832481184226412,,0,186.8,190.1,188.45,80,80,,,,,,,,,496.55,502.27
O:MSFT251121P00690000,MSFT,2025-11-21,18,690.0,P,-0.8800636120041786,0.001651837773640312,-1.020898388144191,0.18363886654915146,,0,191.8,195.1,193.45,80,80,166.67,1,2,166.81,166.81,166.67,166.67,166.74,496.55,502.27
O:MSFT251121P00695000,MSFT,2025-11-21,18,695.0,P,-0.8814709461605703,0.0016122341199232685,-1.028451360325179,0.1842491403321207,,0,196.8,200.1,198.45,80,81,,,,,,,,,496.55,502.27
O:MSFT251121P00700000,MSFT,2025-11-21,18,700.0,P,-0.8828229587338188,0.0015745997605425687,-1.0359966851975237,0.18485619696723912,,0,201.8,205.1,203.45,80,80,176.66,1,2,176.71,176.71,176.66,176.66,176.685,496.55,502.27
O:MSFT251128C00270000,MSFT,2025-11-28,25,270.0,C,,,,,,20,225.35,228.6,226.975,80,80,227.4,1,8,232.4,232.4,227.4,227.4,229.9,496.975,502.27
O:MSFT251128C00280000,MSFT,2025-11-28,25,280.0,C,,,,,,2,215.35,218.6,216.975,80,80,230.05,1,2,230.02,230.05,230.02,230.05,230.035,496.975,502.27
O:MSFT251128C00290000,MSFT,2025-11-28,25,290.0,C,,,,,,3,205.4,208.6,207.0,80,80,225.96,1,34,225.84,225.97,225.78,225.96,225.8632,497,502.27
O:MSFT251128C00300000,MSFT,2025-11-28,25,300.0,C,,,,,,2,195.4,198.65,197.025,80,80,210.09,1,2,210.15,210.15,210.09,210.09,210.12,497.025,502.27
O:MSFT251128C00310000,MSFT,2025-11-28,25,310.0,C,,,,,,0,185.4,188.8,187.10000000000002,80,80,,,,,,,,,497.1,502.27
O:MSFT251128C00320000,MSFT,2025-11-28,25,320.0,C,,,,,,0,175.45,178.65,177.05,80,80,,,,,,,,,497.05,502.27
O:MSFT251128C00325000,MSFT,2025-11-28,25,325.0,C,,,,,,0,170.45,173.6,172.02499999999998,85,85,,,,,,,,,497.025,502.27
O:MSFT251128C00330000,MSFT,2025-11-28,25,330.0,C,,,,,,0,165.45,168.7,167.075,80,80,,,,,,,,,497.075,502.27
O:MSFT251128C00335000,MSFT,2025-11-28,25,335.0,C,,,,,,0,160.45,163.7,162.075,86,81,,,,,,,,,497.075,502.27
O:MSFT251128C00340000,MSFT,2025-11-28,25,340.0,C,,,,,,0,155.45,158.7,157.075,85,85,,,,,,,,,497.075,502.27
O:MSFT251128C00345000,MSFT,2025-11-28,25,345.0,C,,,,,,0,150.45,153.3,151.875,85,80,,,,,,,,,496.875,502.27
O:MSFT251128C00350000,MSFT,2025-11-28,25,350.0,C,,,,,,0,145.5,148.75,147.125,80,80,181.56,1,1,181.56,181.56,181.56,181.56,181.56,497.125,502.27
O:MSFT251128C00355000,MSFT,2025-11-28,25,355.0,C,,,,,,0,140.55,143.75,142.15,80,80,,,,,,,,,497.15,502.27
O:MSFT251128C00360000,MSFT,2025-11-28,25,360.0,C,,,,,,0,135.5,138.75,137.125,80,80,,,,,,,,,497.125,502.27
O:MSFT251128C00365000,MSFT,2025-11-28,25,365.0,C,,,,,,1,130.5,133.9,132.2,80,80,167.3,1,1,167.3,167.3,167.3,167.3,167.3,497.2,502.27
O:MSFT251128C00370000,MSFT,2025-11-28,25,370.0,C,,,,,,0,125.55,128.75,127.15,80,80,,,,,,,,,497.15,502.27
O:MSFT251128C00375000,MSFT,2025-11-28,25,375.0,C,,,,,,0,120.55,123.8,122.175,85,85,,,,,,,,,497.175,502.27
O:MSFT251128C00380000,MSFT,2025-11-28,25,380.0,C,,,,,,1,115.55,118.8,117.175,85,85,151.2,1,1,151.2,151.2,151.2,151.2,151.2,497.175,502.27
O:MSFT251128C00385000,MSFT,2025-11-28,25,385.0,C,,,,,,0,110.6,113.7,112.15,85,85,,,,,,,,,497.15,502.27
O:MSFT251128C00390000,MSFT,2025-11-28,25,390.0,C,,,,,,2,105.6,108.8,107.19999999999999,85,85,127.28,2,2,127.28,127.28,127.28,127.28,127.28,497.2,502.27
O:MSFT251128C00395000,MSFT,2025-11-28,25,395.0,C,,,,,,0,100.65,103.75,102.2,85,85,,,,,,,,,497.2,502.27
O:MSFT251128C00400000,MSFT,2025-11-28,25,400.0,C,,,,,,3,95.65,98.9,97.275,81,81,97.95,1,1,97.95,97.95,97.95,97.95,97.95,497.275,502.27
O:MSFT251128C00405000,MSFT,2025-11-28,25,405.0,C,,,,,,3,90.7,93.85,92.275,85,85,110.14,3,3,110.14,110.14,110.14,110.14,110.14,497.275,502.27
O:MSFT251128C00410000,MSFT,2025-11-28,25,410.0,C,,,,,,1,85.75,88.85,87.3,81,86,118.15,1,1,118.15,118.15,118.15,118.15,118.15,497.3,502.27
O:MSFT251128C00415000,MSFT,2025-11-28,25,415.0,C,,,,,,0,80.8,83.9,82.35,81,81,,,,,,,,,497.35,502.27
O:MSFT251128C00420000,MSFT,2025-11-28,25,420.0,C,,,,,,9,75.85,79.05,77.44999999999999,85,85,78.76,1,1,78.76,78.76,78.76,78.76,78.76,497.45,502.27
O:MSFT251128C00425000,MSFT,2025-11-28,25,425.0,C,,,,,,4,70.9,74.05,72.475,104,104,84,1,1,84,84,84,84,84,497.475,502.27
O:MSFT251128C00430000,MSFT,2025-11-28,25,430.0,C,,,,,,8,66,69.1,67.55,103,103,66.02,1,2,66.02,66.02,66.02,66.02,66.02,497.55,502.27
O:MSFT251128C00435000,MSFT,2025-11-28,25,435.0,C,,,,,,2,61.1,63.45,62.275000000000006,103,18,91.06,4,4,91.06,91.06,91.06,91.06,91.06,497.275,502.27
O:MSFT251128C00440000,MSFT,2025-11-28,25,440.0,C,,,,,,14,56.45,59.2,57.825,105,81,57.35,1,1,57.35,57.35,57.35,57.35,57.35,497.825,502.27
O:MSFT251128C00445000,MSFT,2025-11-28,25,445.0,C,,,,,,6,51.5,54.55,53.025,103,103,51.43,1,2,51.46,51.46,51.43,51.43,51.445,498.025,502.27
O:MSFT251128C00450000,MSFT,2025-11-28,25,450.0,C,,,,,,253,47.8,49.05,48.425,28,18,48.26,2,2,48.26,48.26,48.26,48.26,48.26,498.425,502.27
O:MSFT251128C00455000,MSFT,2025-11-28,25,455.0,C,,,,,,23,43.2,44.3,43.75,13,16,43.51,2,12,42.36,43.51,42.35,43.51,42.5475,498.75,502.27
O:MSFT251128C00460000,MSFT,2025-11-28,25,460.0,C,,,,,,45,38.55,39.65,39.099999999999994,30,32,37.75,2,32,38.65,38.65,37,37.75,37.4,499.1,502.27
O:MSFT251128C00465000,MSFT,2025-11-28,25,465.0,C,,,,,,110,34,35.1,34.55,32,38,37.18,1,3,35.33,37.18,35.33,37.18,36.56,499.55,502.27
O:MSFT251128C00470000,MSFT,2025-11-28,25,470.0,C,,,,,,19,29.6,30.65,30.125,33,25,30.2,1,8,28.77,30.2,28.5,30.2,29.1962,500.125,502.27
O:MSFT251128C00475000,MSFT,2025-11-28,25,475.0,C,,,,,,15,25.65,27,26.325,2,52,24.7,1,5,25.15,25.15,24.7,24.7,25.06,501.325,502.27
O:MSFT251128C00480000,MSFT,2025-11-28,25,480.0,C,,,,,,40,21.75,22.1,21.925,20,3,21.88,3,27,21.35,21.88,20.45,21.88,20.7137,501.925,502.27
O:MSFT251128C00485000,MSFT,2025-11-28,25,485.0,C,0.9995854442398303,5.366723395020424e-11,-0.0404028946686495,0.0007420719046866093,,46,18.1,18.4,18.25,2,18,17.9,1,45,19.06,19.06,16.75,17.9,17.6807,503.25,502.27
O:MSFT251128C00490000,MSFT,2025-11-28,25,490.0,C,0.8303361803183135,0.01743366451874098,-0.13316950005756928,0.2819740495869338,,75,14.8,15.05,14.925,1,10,14.67,1,77,15.83,15.83,13.5,14.67,14.0662,504.925,502.27
O:MSFT251128C00495000,MSFT,2025-11-28,25,495.0,C,0.6976374502483702,0.020471399182204125,-0.19207920802028425,0.3810099803472519,,243,11.85,12.1,11.975,14,15,11.7,4,441,12.7,13.65,10.95,11.7,11.4941,506.975,502.27
O:MSFT251128C00500000,MSFT,2025-11-28,25,500.0,C,0.582847391014349,0.02103831879929687,-0.22159849893908198,0.44409048891667546,,1928,9.35,9.5,9.425,4,22,9.5,5,4439,10.25,11.15,8.43,9.5,8.9627,509.425,502.27
O:MSFT251128C00505000,MSFT,2025-11-28,25,505.0,C,0.479519444279628,0.020332018843763244,-0.23389919184422642,0.4511582181524036,,265,7.2,7.35,7.275,13,14,7.17,1,161,8.05,8.75,6.6,7.17,7.6029,512.275,502.27
O:MSFT251128C00510000,MSFT,2025-11-28,25,510.0,C,0.38683974147348316,0.018672476363661605,-0.23544621883537986,0.4572671983139427,,902,5.5,5.6,5.55,19,36,5.5,1,3074,6.09,6.75,4.9,5.5,5.3067,515.55,502.27
O:MSFT251128C00515000,MSFT,2025-11-28,25,515.0,C,0.3064946104248189,0.016546876183151156,-0.21546618592748373,0.40528938421506516,,2505,4.1,4.2,4.15,77,12,4.05,6,439,4.75,5.15,3.75,4.05,4.1467,519.15,502.27
O:MSFT251128C00520000,MSFT,2025-11-28,25,520.0,C,0.2398842890989886,0.01415685490915202,-0.200604230194126,0.3132388457740707,,1440,3.05,3.15,3.0999999999999996,29,58,3.1,5,895,3.6,4.05,2.74,3.1,2.9737,523.1,502.27
O:MSFT251128C00525000,MSFT,2025-11-28,25,525.0,C,0.18438509862148392,0.011771704962813366,-0.17128386430963743,0.3168041849198874,,1228,2.25,2.31,2.2800000000000002,7,33,2.29,1,793,2.69,2.92,2.09,2.29,2.2219,527.28,502.27
O:MSFT251128C00530000,MSFT,2025-11-28,25,530.0,C,0.14101492181366085,0.009601734460354156,-0.15111566895430112,0.21305907369285004,,1445,1.65,1.71,1.68,12,24,1.68,1,896,2.34,2.34,1.58,1.68,1.8828,531.68,502.27
O:MSFT251128C00535000,MSFT,2025-11-28,25,535.0,C,0.10744450254015721,0.0076860478884606025,-0.12459053398048137,0.21518457748496864,,896,1.22,1.27,1.245,15,15,1.23,2,193,1.5,1.73,1.19,1.23,1.245,536.245,502.27
O:MSFT251128C00540000,MSFT,2025-11-28,25,540.0,C,0.08188833675969306,0.006090380472820534,-0.10672506416653105,0.2167344803496506,,1583,0.91,0.95,0.9299999999999999,43,25,0.9,20,869,1.3,1.3,0.9,0.9,1.0118,540.93,502.27
O:MSFT251128C00545000,MSFT,2025-11-28,25,545.0,C,0.0634332352820491,0.004847930648909508,-0.08936077089714185,0.12645968511434824,,511,0.69,0.73,0.71,32,36,0.71,1,210,0.89,1,0.71,0.71,0.8601,545.71,502.27
O:MSFT251128C00550000,MSFT,2025-11-28,25,550.0,C,0.0493446178833903,0.0038330737731785635,-0.07489135027198426,0.12733303379115457,,3722,0.53,0.57,0.55,26,27,0.55,2,285,0.68,0.74,0.52,0.55,0.6217,550.55,502.27
O:MSFT251128C00555000,MSFT,2025-11-28,25,555.0,C,0.038680909899988715,0.0030443152815041986,-0.06449455271467754,0.12799306395876037,,515,0.41,0.45,0.43,48,77,0.45,1,80,0.6,0.6,0.42,0.45,0.5318,555.43,502.27
O:MSFT251128C00560000,MSFT,2025-11-28,25,560.0,C,0.030709405180966026,0.0024441401694335592,-0.05482871270782452,0.06437732866719535,,897,0.32,0.36,0.33999999999999997,13,37,0.36,1,89,0.42,0.48,0.35,0.36,0.4315,560.34,502.27
O:MSFT251128C00565000,MSFT,2025-11-28,25,565.0,C,0.025052573229412116,0.001987017709053143,-0.04709743300494383,0.06474289495560492,,649,0.26,0.3,0.28,19,46,0.3,1,71,0.37,0.37,0.27,0.3,0.3289,565.28,502.27
O:MSFT251128C00570000,MSFT,2025-11-28,25,570.0,C,0.021074208439168896,0.001648535211874127,-0.04214369361034282,0.06501380457495916,,936,0.23,0.25,0.24,9,31,0.23,3,60,0.26,0.27,0.23,0.23,0.2568,570.24,502.27
O:MSFT251128C00575000,MSFT,2025-11-28,25,575.0,C,0.016708224634638943,0.001317803255000115,-0.035801158096948706,0.06531559318881863,,305,0.17,0.21,0.19,46,87,0.23,50,108,0.21,0.23,0.2,0.23,0.2283,575.19,502.27
O:MSFT251128C00580000,MSFT,2025-11-28,25,580.0,C,0.013955715935113107,0.0010959815359598522,-0.03223612314320792,0.06553426338564837,,492,0.14,0.18,0.16,73,115,0.18,1,15,0.17,0.18,0.17,0.18,0.1793,580.16,502.27
O:MSFT251128C00585000,MSFT,2025-11-28,25,585.0,C,0.012369245536208152,0.0009516076014646981,-0.02969379571789186,0.02820419995980135,,436,0.13,0.16,0.14500000000000002,1,31,0.14,1,47,0.14,0.17,0.13,0.14,0.1394,585.145,502.27
O:MSFT251128C00590000,MSFT,2025-11-28,25,590.0,C,0.010196643129803193,0.0007842393900070638,-0.02528276749391961,0.028356472387567683,,275,0.1,0.14,0.12000000000000001,40,36,0.14,1,2,0.15,0.15,0.14,0.14,0.145,590.12,502.27
O:MSFT251128C00595000,MSFT,2025-11-28,25,595.0,C,0.008441774832703867,0.0006474345478748304,-0.021788482722314977,0.028487906291581405,,235,0.08,0.12,0.1,32,75,0.12,50,101,0.11,0.12,0.11,0.12,0.1199,595.1,502.27
O:MSFT251128C00600000,MSFT,2025-11-28,25,600.0,C,0.007787092866926681,0.0005804785026383296,-0.021044514070640456,0.02856577381615557,,1181,0.08,0.11,0.095,2,11,0.1,2,46,0.08,0.11,0.08,0.1,0.09587,600.095,502.27
O:MSFT251128C00605000,MSFT,2025-11-28,25,605.0,C,0.006180757433885789,0.00046541913672864697,-0.017550099083340136,0.028693006640251224,,98,0.05,0.1,0.07500000000000001,24,35,0.08,5,10,0.07,0.08,0.07,0.08,0.075,605.075,502.27
O:MSFT251128C00610000,MSFT,2025-11-28,25,610.0,C,0.00497504018037506,0.00037829942056445513,-0.014972499942069296,0.028802142491704975,,158,0.05,0.07,0.060000000000000005,12,13,0.08,1,2,0.07,0.08,0.07,0.08,0.075,610.06,502.27
O:MSFT251128C00615000,MSFT,2025-11-28,25,615.0,C,0.004815734163730521,0.00035431839224702794,-0.015145059703063063,0.028864605930985655,,1281,0.04,0.08,0.06,15,23,0.07,20,277,0.05,0.07,0.05,0.07,0.06047,615.06,502.27
O:MSFT251128C00620000,MSFT,2025-11-28,25,620.0,C,0.004347894531731952,0.0003153191027226383,-0.014015434678786243,0.010538437397225188,,88,0.03,0.08,0.055,23,32,0.02,3,3,0.02,0.02,0.02,0.02,0.02,620.055,502.27
O:MSFT251128C00625000,MSFT,2025-11-28,25,625.0,C,0.003898264099976409,0.0002790898870439844,-0.012881658730618535,0.010580298806385724,,100,0.03,0.07,0.05,15,37,0.03,4,5,0.03,0.03,0.03,0.03,0.03,625.05,502.27
O:MSFT251128C00630000,MSFT,2025-11-28,25,630.0,C,0.0034655758671675134,0.0002453718288926377,-0.011747876067306423,0.010621693439322209,,286,0.02,0.07,0.045000000000000005,18,17,0.06,1,150,0.07,0.07,0.06,0.06,0.06247,630.045,502.27
O:MSFT251128C00635000,MSFT,2025-11-28,25,635.0,C,0.008078307698987949,0.00045277248988773866,-0.028667979590782895,0.028995259254497738,,67,0.01,0.25,0.13,2,4,0.03,2,3,0.03,0.03,0.03,0.03,0.03,635.13,502.27
O:MSFT251128C00640000,MSFT,2025-11-28,25,640.0,C,0.0026465391504699345,0.00018457886907009166,-0.009480289990980351,0.010703248385891942,,24,0.01,0.06,0.034999999999999996,3,1,0.02,1,1,0.02,0.02,0.02,0.02,0.02,640.035,502.27
O:MSFT251128C00645000,MSFT,2025-11-28,25,645.0,C,0.0025777133769887967,0.00017504878488117665,-0.009522640642633091,0.01073046017408644,,21,0.01,0.06,0.034999999999999996,13,16,0.04,1,27,0.08,0.08,0.04,0.04,0.05556,645.035,502.27
O:MSFT251128C00650000,MSFT,2025-11-28,25,650.0,C,0.0022015881331223725,0.0001492958367469809,-0.008388807514382255,0.010770583397990759,,113,0.01,0.05,0.030000000000000002,3,8,0.01,8,12,0.01,0.01,0.01,0.01,0.01,650.03,502.27
O:MSFT251128P00270000,MSFT,2025-11-28,25,270.0,P,-0.0009214381269754725,2.8729058095619382e-05,-0.008943141002363963,0.0064396144647351486,,8,0,0.22,,0,10,0.01,1,1,0.01,0.01,0.01,0.01,0.01,269.89,502.27
O:MSFT251128P00280000,MSFT,2025-11-28,25,280.0,P,-0.000691880263430703,2.4191264159273803e-05,-0.0062593385403337904,0.0019920497875460436,,2,0,0.23,,0,6,0.01,10,10,0.01,0.01,0.01,0.01,0.01,279.885,502.27
O:MSFT251128P00290000,MSFT,2025-11-28,25,290.0,P,-0.0014572796740195642,4.750468478403826e-05,-0.012310159651679068,0.006670802494826158,,1,0,0.22,,0,1,0.01,1,1,0.01,0.01,0.01,0.01,0.01,289.89,502.27
O:MSFT251128P00300000,MSFT,2025-11-28,25,300.0,P,-0.0007762000383901675,3.0254730049023335e-05,-0.006226452646215966,0.0020587675860825783,,3,0,0.23,,0,4,0.03,2,2,0.03,0.03,0.03,0.03,0.03,299.885,502.27
O:MSFT251128P00310000,MSFT,2025-11-28,25,310.0,P,-0.0008237392121506676,3.3970812434699636e-05,-0.006209812121164058,0.0020913749296505328,,0,0,0.04,,0,4,0.06,1,2,0.03,0.06,0.03,0.06,0.045,309.98,502.27
O:MSFT251128P00320000,MSFT,2025-11-28,25,320.0,P,-0.0010571650769743202,4.461911245744041e-05,-0.007363781289260653,0.006974765541974792,,1,0,0.04,,0,16,0.01,1,1,0.01,0.01,0.01,0.01,0.01,319.98,502.27
O:MSFT251128P00325000,MSFT,2025-11-28,25,325.0,P,-0.001274594275729203,5.391977580944257e-05,-0.008498373215939074,0.007027597115806394,,4,0,0.04,,0,14,0.02,1,4,0.02,0.02,0.02,0.02,0.02,324.98,502.27
O:MSFT251128P00330000,MSFT,2025-11-28,25,330.0,P,-0.0013164601659431457,5.742127638773042e-05,-0.008457078728454854,0.007076043157538165,,3,0,0.05,,0,1,0.02,3,3,0.02,0.02,0.02,0.02,0.02,329.975,502.27
O:MSFT251128P00335000,MSFT,2025-11-28,25,335.0,P,-0.001360548823504047,6.122656577257977e-05,-0.008415674518682826,0.0071236057564768385,,3,0.01,0.05,0.030000000000000002,1,11,0.03,1,1,0.03,0.03,0.03,0.03,0.03,334.97,502.27
O:MSFT251128P00340000,MSFT,2025-11-28,25,340.0,P,-0.0014070522867978103,6.537128761067525e-05,-0.008374167080385301,0.007170259866267773,,11,0.01,0.05,0.030000000000000002,10,10,0.02,1,2,0.03,0.03,0.02,0.02,0.025,339.97,502.27
O:MSFT251128P00345000,MSFT,2025-11-28,25,345.0,P,-0.0016614265710135456,7.79167437350985e-05,-0.009508491126804111,0.00722109768830299,,3,0.01,0.06,0.034999999999999996,15,18,0.03,1,1,0.03,0.03,0.03,0.03,0.03,344.965,502.27
O:MSFT251128P00350000,MSFT,2025-11-28,25,350.0,P,-0.0019280571104804583,9.158507432408641e-05,-0.010642773316769837,0.007271661626743891,,12,0.02,0.06,0.04,1,2,0.03,1,4,0.03,0.03,0.03,0.03,0.03,349.96,502.27
O:MSFT251128P00355000,MSFT,2025-11-28,25,355.0,P,-0.0022075741612117986,0.00010647421137105804,-0.011777015961492485,0.007321958743015475,,1,0.02,0.07,0.045000000000000005,2,1,0.05,1,1,0.05,0.05,0.05,0.05,0.05,354.955,502.27
O:MSFT251128P00360000,MSFT,2025-11-28,25,360.0,P,-0.0027067340095530404,0.0001306378161807432,-0.014087210961272177,0.00737775089054255,,0,0.03,0.08,0.055,2,4,,,,,,,,,359.945,502.27
O:MSFT251128P00365000,MSFT,2025-11-28,25,365.0,P,-0.0032184775934642586,0.00015597114756204245,-0.01639838853628239,0.007466829994436671,,11,0.04,0.09,0.065,26,24,0.03,2,5,0.03,0.03,0.03,0.03,0.03,364.935,502.27
O:MSFT251128P00370000,MSFT,2025-11-28,25,370.0,P,-0.0037518699889322596,0.0001832840410964121,-0.018130069346547584,0.020572546646686937,,2,0.05,0.1,0.07500000000000001,24,23,0.05,1,14,0.01,0.06,0.01,0.05,0.03357,369.925,502.27
O:MSFT251128P00375000,MSFT,2025-11-28,25,375.0,P,-0.0041099769702097645,0.00020571257080366747,-0.01887577942161999,0.02069293299100701,,2,0.06,0.1,0.08,32,45,0.06,1,1,0.06,0.06,0.06,0.06,0.06,374.92,502.27
O:MSFT251128P00380000,MSFT,2025-11-28,25,380.0,P,-0.0051348586093034375,0.00025585561749543346,-0.022371061649273622,0.020830589482519438,,29,0.08,0.12,0.1,22,57,0.11,1,4,0.11,0.11,0.11,0.11,0.11,379.9,502.27
O:MSFT251128P00385000,MSFT,2025-11-28,25,385.0,P,-0.005997841057775843,0.0003024890982641013,-0.024949678405129936,0.020961765357832753,,17,0.09,0.14,0.115,50,81,0.13,19,38,0.11,0.13,0.11,0.13,0.12,384.885,502.27
O:MSFT251128P00390000,MSFT,2025-11-28,25,390.0,P,-0.007124684353254472,0.000362268933682976,-0.028444822851321758,0.021099447075512097,,6,0.11,0.16,0.135,43,120,0.14,5,5,0.14,0.14,0.14,0.14,0.14,389.865,502.27
O:MSFT251128P00395000,MSFT,2025-11-28,25,395.0,P,-0.008306769423061392,0.0004275094498107925,-0.0319400246362697,0.02123794953115491,,370,0.13,0.18,0.155,47,112,0.17,3,3,0.17,0.17,0.17,0.17,0.17,394.845,502.27
O:MSFT251128P00400000,MSFT,2025-11-28,25,400.0,P,-0.00954714346972307,0.0004987135469031733,-0.0354359260482731,0.021401476383985197,,85,0.16,0.19,0.175,34,1,0.18,1,17,0.17,0.19,0.17,0.18,0.1859,399.825,502.27
O:MSFT251128P00405000,MSFT,2025-11-28,25,405.0,P,-0.011917718102287558,0.0006157609035922954,-0.04174513453047663,0.050207440621272095,,29,0.2,0.24,0.22,22,76,0.24,6,22,0.23,0.27,0.23,0.24,0.2509,404.78,502.27
O:MSFT251128P00410000,MSFT,2025-11-28,25,410.0,P,-0.014009343673984936,0.000730765832938899,-0.04600665158872696,0.05049503223588703,,50,0.24,0.27,0.255,68,77,0.26,1,12,0.23,0.26,0.23,0.26,0.2483,409.745,502.27
O:MSFT251128P00415000,MSFT,2025-11-28,25,415.0,P,-0.016900351871506264,0.0008842702641685476,-0.05235102263975577,0.05080580091046483,,115,0.29,0.32,0.305,14,37,0.3,1,14,0.33,0.34,0.29,0.3,0.3121,414.695,502.27
O:MSFT251128P00420000,MSFT,2025-11-28,25,420.0,P,-0.01997034400097662,0.001055306360033503,-0.058695298304820086,0.051121477513787594,,68,0.34,0.37,0.355,10,39,0.35,9,13,0.38,0.38,0.35,0.35,0.3523,419.645,502.27
O:MSFT251128P00425000,MSFT,2025-11-28,25,425.0,P,-0.024068920122505208,0.0012736892467307707,-0.06781948917917156,0.0514864078156946,,67,0.41,0.44,0.425,19,32,0.43,1,40,0.43,0.52,0.42,0.43,0.4865,424.575,502.27
O:MSFT251128P00430000,MSFT,2025-11-28,25,430.0,P,-0.028780954218155696,0.0015251040815400941,-0.07659456669480127,0.10359667399347021,,138,0.49,0.52,0.505,31,31,0.53,1,14,0.52,0.61,0.52,0.53,0.5493,429.495,502.27
O:MSFT251128P00435000,MSFT,2025-11-28,25,435.0,P,-0.03469750123250619,0.001837512886380007,-0.08495865024673845,0.1041892918292532,,45,0.59,0.62,0.605,25,32,0.68,1,4,0.65,0.73,0.65,0.68,0.685,434.395,502.27
O:MSFT251128P00440000,MSFT,2025-11-28,25,440.0,P,-0.04172793480925054,0.00221523974994816,-0.094850100225339,0.104814414169081,,166,0.7,0.74,0.72,55,54,0.71,1,97,0.78,0.9,0.71,0.71,0.7867,439.28,502.27
O:MSFT251128P00445000,MSFT,2025-11-28,25,445.0,P,-0.050902036203390684,0.0026889089408486766,-0.10881843737994916,0.10553723843184107,,226,0.85,0.9,0.875,49,43,0.92,1,39,0.98,1.14,0.88,0.92,1.0874,444.125,502.27
O:MSFT251128P00450000,MSFT,2025-11-28,25,450.0,P,-0.06213214680263714,0.0032489386984558034,-0.12591596777487313,0.18360940389207317,,203,1.05,1.09,1.07,27,9,1.08,1,78,1.21,1.42,1.03,1.08,1.2355,448.93,502.27
O:MSFT251128P00455000,MSFT,2025-11-28,25,455.0,P,-0.07644102054788174,0.003928033679648739,-0.1394612097689161,0.18474186450990315,,188,1.3,1.35,1.3250000000000002,25,11,1.24,17,76,1.54,1.76,1.24,1.24,1.3595,453.675,502.27
O:MSFT251128P00460000,MSFT,2025-11-28,25,460.0,P,-0.09501718062387686,0.004762502510799412,-0.15914755647507736,0.1861005785846278,,369,1.63,1.7,1.665,30,19,1.74,1,288,1.67,2.21,1.67,1.74,2.0606,458.335,502.27
O:MSFT251128P00465000,MSFT,2025-11-28,25,465.0,P,-0.11838295228951902,0.005723263611140526,-0.18720524586491574,0.1893419807205872,,335,2.09,2.15,2.12,18,8,2.12,1,270,2.4,2.86,2.02,2.12,2.6543,462.88,502.27
O:MSFT251128P00470000,MSFT,2025-11-28,25,470.0,P,-0.1474499337873689,0.006788041503184887,-0.20764426762688418,0.2835175861888135,,467,2.69,2.76,2.7249999999999996,24,11,2.89,2,154,2.71,3.62,2.71,2.89,3.2239,467.275,502.27
O:MSFT251128P00475000,MSFT,2025-11-28,25,475.0,P,-0.1829601101769644,0.007959215311853625,-0.23479002212784356,0.2859433518630202,,906,3.45,3.55,3.5,5,11,3.55,1,88,4.2,4.71,3.32,3.55,4.085,471.5,502.27
O:MSFT251128P00480000,MSFT,2025-11-28,25,480.0,P,-0.22561871310648232,0.009098939224005991,-0.26711415496730284,0.3771759125734087,,1223,4.5,4.6,4.55,10,11,4.79,2,215,5.2,6.07,4.31,4.79,5.2975,475.45,502.27
O:MSFT251128P00485000,MSFT,2025-11-28,25,485.0,P,-0.2748717792861649,0.010151896847312297,-0.2886737895640715,0.3804927813361549,,870,5.8,5.95,5.875,44,23,6.15,1,303,6.5,7.7,5.55,6.15,6.7217,479.125,502.27
O:MSFT251128P00490000,MSFT,2025-11-28,25,490.0,P,-0.32992684206155465,0.010980668642404566,-0.3235596883456976,0.3859952011978654,,1321,7.5,7.65,7.575,16,39,7.5,1,260,8.11,9.6,7.5,7.5,8.7808,482.425,502.27
O:MSFT251128P00495000,MSFT,2025-11-28,25,495.0,P,-0.38763705504753176,0.011502865593840197,-0.3350290419840592,0.442475833969933,,1096,9.55,9.7,9.625,30,10,9.88,1,414,10.31,12.01,9.4,9.88,10.9054,485.375,502.27
O:MSFT251128P00500000,MSFT,2025-11-28,25,500.0,P,-0.4471510978793165,0.01164882806192094,-0.3552521226658328,0.4462814016626991,,1162,12,12.25,12.125,24,4,12.04,3,264,13.01,14.85,11.5,12.04,13.6251,487.875,502.27
O:MSFT251128P00505000,MSFT,2025-11-28,25,505.0,P,-0.5039271591036513,0.011473799932381255,-0.3675621728286132,0.44971925361206916,,840,14.9,15.1,15.0,40,5,15,1,237,15.87,17.69,14.18,15,16.1707,490,502.27
O:MSFT251128P00510000,MSFT,2025-11-28,25,510.0,P,-0.5568548444622506,0.010950539518488149,-0.37051112649847906,0.45285483334166904,,1322,18.2,18.45,18.325,16,10,18.5,1,163,19,20.85,17.85,18.5,19.5489,491.675,502.27
O:MSFT251128P00515000,MSFT,2025-11-28,25,515.0,P,-0.6005801959368431,0.010018497958795024,-0.393479616308659,0.4548708737160821,,394,21.85,22.9,22.375,30,39,21.89,1,23,22.06,24.65,21.3,21.89,22.8883,492.625,502.27
O:MSFT251128P00520000,MSFT,2025-11-28,25,520.0,P,-0.6439761899583807,0.00948888105340325,-0.3869250835028357,0.40136931967770273,,691,25.8,26.1,25.950000000000003,23,10,26.12,1,36,27.11,28.73,26.05,26.12,27.3083,494.05,502.27
O:MSFT251128P00525000,MSFT,2025-11-28,25,525.0,P,-0.6760312967766672,0.00862458380973945,-0.3890758216885125,0.4034643339456464,,336,29.75,30.85,30.3,32,44,31.03,1,11,29.84,32.18,29.84,31.03,31.1155,494.7,502.27
O:MSFT251128P00530000,MSFT,2025-11-28,25,530.0,P,-0.7035458562229009,0.007853580625443583,-0.3947458341408358,0.40488873905565265,,272,34.2,35.3,34.75,45,53,35.13,1,2,36.6,36.6,35.13,35.13,35.865,495.25,502.27
O:MSFT251128P00535000,MSFT,2025-11-28,25,535.0,P,-0.726103057851271,0.007157743512156755,-0.40552566504153803,0.40585074990387343,,150,38.8,39.9,39.349999999999994,19,28,41.6,5,44,37.77,41.6,37.77,41.6,40.7607,495.65,502.27
O:MSFT251128P00540000,MSFT,2025-11-28,25,540.0,P,-0.7380233709400721,0.006450235801047769,-0.43549965119513334,0.4065236221660956,,579,43.4,45.6,44.5,44,199,45.53,5,11,46.5,46.5,45.23,45.53,45.9436,495.5,502.27
O:MSFT251128P00545000,MSFT,2025-11-28,25,545.0,P,-0.7563615529388816,0.005971506905139695,-0.4402447496392596,0.3142507251295974,,86,47.45,50.7,49.075,104,104,49.75,1,16,50.2,50.2,49.75,49.75,50.1719,495.925,502.27
O:MSFT251128P00550000,MSFT,2025-11-28,25,550.0,P,-0.7692692229796305,0.005515700582480514,-0.44304316945807887,0.31570693619916845,,71,52.35,55.45,53.900000000000006,104,114,54.35,1,1,54.35,54.35,54.35,54.35,54.35,496.1,502.27
O:MSFT251128P00555000,MSFT,2025-11-28,25,555.0,P,-0.7780422030595661,0.00509705259260675,-0.4558024493988005,0.31704014626190186,,13,57.4,60.45,58.925,100,100,60.77,1,1,60.77,60.77,60.77,60.77,60.77,496.075,502.27
O:MSFT251128P00560000,MSFT,2025-11-28,25,560.0,P,-0.7892158511831054,0.0047528642991199205,-0.45732101559970556,0.3177784250074983,,58,62.1,65.35,63.724999999999994,97,100,60.23,1,1,60.23,60.23,60.23,60.23,60.23,496.275,502.27
O:MSFT251128P00565000,MSFT,2025-11-28,25,565.0,P,-0.7969256289643704,0.00443742460812957,-0.4675190246770979,0.3190935849335173,,10,67.15,70.25,68.7,81,81,52.11,1,8,52.1,52.11,52.1,52.11,52.1038,496.3,502.27
O:MSFT251128P00570000,MSFT,2025-11-28,25,570.0,P,-0.804679524816422,0.004162139927340028,-0.4751781619049753,0.3194593399876495,,38,72,75.25,73.625,81,82,72.5,1,1,72.5,72.5,72.5,72.5,72.5,496.375,502.27
O:MSFT251128P00575000,MSFT,2025-11-28,25,575.0,P,-0.8106921942289611,0.0039158080881528156,-0.48657452874997403,0.3207342148004141,,3,77.05,80.2,78.625,85,85,55.2,1,1,55.2,55.2,55.2,55.2,55.2,496.375,502.27
O:MSFT251128P00580000,MSFT,2025-11-28,25,580.0,P,-0.8161698480470124,0.00369708168172476,-0.4979625876506529,0.32199835996388354,,0,82.05,85.2,83.625,85,85,,,,,,,,,496.375,502.27
O:MSFT251128P00585000,MSFT,2025-11-28,25,585.0,P,-0.8226141563312013,0.0035024810881152343,-0.5043367050414861,0.3228742163651163,,0,86.9,90.15,88.525,80,85,50.7,5,5,50.7,50.7,50.7,50.7,50.7,496.475,502.27
O:MSFT251128P00590000,MSFT,2025-11-28,25,590.0,P,-0.8268523694343062,0.0033264190022712385,-0.5168942675671014,0.32337102063592593,,0,91.95,95.15,93.55000000000001,85,85,77.39,1,1,77.39,77.39,77.39,77.39,77.39,496.45,502.27
O:MSFT251128P00595000,MSFT,2025-11-28,25,595.0,P,-0.8310894243480453,0.003167915432190136,-0.5282015273423375,0.32448493420623103,,0,96.95,100.15,98.55000000000001,85,85,,,,,,,,,496.45,502.27
O:MSFT251128P00600000,MSFT,2025-11-28,25,600.0,P,-0.8360605849375471,0.0030236354983059783,-0.5356535101514786,0.3236575096948255,,0,101.85,105.1,103.475,85,85,73.96,1,1,73.96,73.96,73.96,73.96,73.96,496.525,502.27
O:MSFT251128P00605000,MSFT,2025-11-28,25,605.0,P,-0.836987974109862,0.0028948750163683428,-0.5569098359211276,0.32340980534885155,,0,107.25,110.1,108.675,75,81,,,,,,,,,496.325,502.27
O:MSFT251128P00610000,MSFT,2025-11-28,25,610.0,P,-0.8427575886997152,0.0027728838967747997,-0.5589822499074549,0.32186443507708534,,0,111.9,115.1,113.5,85,85,,,,,,,,,496.5,502.27
O:MSFT251128P00615000,MSFT,2025-11-28,25,615.0,P,-0.8456034537331946,0.0026631701645194942,-0.5710036707326306,0.3172995161648389,,0,116.95,120.1,118.525,85,85,,,,,,,,,496.475,502.27
O:MSFT251128P00620000,MSFT,2025-11-28,25,620.0,P,-0.8495176396940476,0.0025605833728174513,-0.5730201748211824,0.2220561028470741,,0,121.85,125.05,123.44999999999999,80,81,123.74,25,25,123.74,123.74,123.74,123.74,123.74,496.55,502.27
O:MSFT251128P00625000,MSFT,2025-11-28,25,625.0,P,-0.852230717317804,0.0024675263282484526,-0.5778342080240852,0.22288073417497187,,0,126.8,130.1,128.45,80,80,82.25,15,15,82.25,82.25,82.25,82.25,82.25,496.55,502.27
O:MSFT251128P00630000,MSFT,2025-11-28,25,630.0,P,-0.8548003144302586,0.0023808981708124104,-0.5826437094229869,0.22370119492421858,,0,131.8,135.1,133.45,85,85,,,,,,,,,496.55,502.27
O:MSFT251128P00635000,MSFT,2025-11-28,25,635.0,P,-0.8572382333689116,0.002300071007906641,-0.5874369678717479,0.22424751858291805,,0,136.8,140.1,138.45,85,85,,,,,,,,,496.55,502.27
O:MSFT251128P00640000,MSFT,2025-11-28,25,640.0,P,-0.8570754167461144,0.0022304509937863606,-0.6066508900646942,0.22499881759958412,,0,142.2,145.1,143.64999999999998,85,85,,,,,,,,,496.35,502.27
O:MSFT251128P00645000,MSFT,2025-11-28,25,645.0,P,-0.8626932324161029,0.0021512047128719332,-0.5915610278027811,0.22554787561413842,,0,146.65,150.1,148.375,91,85,,,,,,,,,496.625,502.27
O:MSFT251128P00650000,MSFT,2025-11-28,25,650.0,P,-0.8638577041647217,0.0020873880684093866,-0.6017372579907686,0.22632643656411477,,0,151.8,155.1,153.45,80,80,136.1,1,2,136.57,136.57,136.1,136.1,136.335,496.55,502.27
